,popularity,artist_name,genres,artist_id,followers
0,95,Drake,"['canadian hip hop', 'canadian pop', 'hip hop', 'rap', 'toronto rap']",3TVXtAsR1Inumwj472S9r4,"{'href': None, 'total': 66672635}"
1,0,New Year 2022,[],2rUWfbZCCd8S9MBe0aUmfG,"{'href': None, 'total': 256}"
2,36,Caster,['melodic dubstep'],4z7OnrBHTHdfpjNKl7NGox,"{'href': None, 'total': 6446}"
3,0,Happy New Year 2022,[],54gegSRhj9UpbwYBmwLbnC,"{'href': None, 'total': 94}"
4,100,Bad Bunny,"['latin', 'reggaeton', 'trap latino']",4q3ewBCX7sLwd24euuV69X,"{'href': None, 'total': 54213373}"
5,0,New Year's Eve 2022,[],719ZhYsrQchlMAP2VsT8Rs,"{'href': None, 'total': 28}"
6,93,Taylor Swift,['pop'],06HL4z0CvFAxyc27GXpf02,"{'href': None, 'total': 57497810}"
7,90,Kanye West,"['chicago rap', 'rap']",5K4W6rqBFWDnAN6FQUkS6x,"{'href': None, 'total': 18111067}"
8,93,The Weeknd,"['canadian contemporary r&b', 'canadian pop', 'pop']",1Xyo4u8uXC1ZmMpatF05PJ,"{'href': None, 'total': 49278948}"
9,88,Lil Baby,"['atl hip hop', 'atl trap', 'rap', 'trap']",5f7VJjfbwm532GiveGC0ZK,"{'href': None, 'total': 11354674}"
10,88,Juice WRLD,"['chicago rap', 'melodic rap']",4MCBfE4596Uoi2O4DtmEMz,"{'href': None, 'total': 25401429}"
11,88,Kendrick Lamar,"['conscious hip hop', 'hip hop', 'rap', 'west coast rap']",2YZyLoL8N0Wb9xBt1NhZWg,"{'href': None, 'total': 21386525}"
12,84,Morgan Wallen,['contemporary country'],4oUHIQIBe0LHzYfvXNW4QM,"{'href': None, 'total': 3864098}"
13,85,$uicideboy$,"['dark trap', 'new orleans rap', 'underground hip hop']",1VPmR4DJC1PlOtd0IADAO0,"{'href': None, 'total': 4767621}"
14,89,Post Malone,"['dfw rap', 'melodic rap', 'rap']",246dkjvS1zLTtiykXe5h60,"{'href': None, 'total': 37954991}"
15,91,Harry Styles,['pop'],6KImCVD70vtIoJWnq6nGn3,"{'href': None, 'total': 22911232}"
16,89,Beyoncé,"['dance pop', 'pop', 'r&b']",6vWDO969PvNqNYHIOW5v0m,"{'href': None, 'total': 32174838}"
17,86,21 Savage,"['atl hip hop', 'rap', 'trap']",1URnnhqYAYcrqrcwql10ft,"{'href': None, 'total': 11658160}"
18,85,Lil Uzi Vert,"['melodic rap', 'philly rap', 'rap', 'trap']",4O15NlyKLIASxsJ0PrXPfz,"{'href': None, 'total': 13765871}"
19,90,Eminem,"['detroit hip hop', 'hip hop', 'rap']",7dGJo4pcD2V6oG8kP0tJRR,"{'href': None, 'total': 58799895}"
20,85,Lil Wayne,"['hip hop', 'new orleans rap', 'pop rap', 'rap', 'trap']",55Aa2cqylxrFIXC767Z865,"{'href': None, 'total': 12524976}"
21,88,Doja Cat,"['dance pop', 'pop']",5cj0lLjcoR7YOSnhnX0Po5,"{'href': None, 'total': 21468384}"
22,87,Travis Scott,"['rap', 'slap house']",0Y5tJX1MQlPlqiwlOH1tJY,"{'href': None, 'total': 21267345}"
23,84,"Tyler, The Creator","['hip hop', 'rap']",4V8LLVI7PbaPR0K2TGSxFF,"{'href': None, 'total': 9491675}"
24,83,Lil Durk,"['chicago drill', 'chicago rap', 'drill', 'hip hop', 'rap', 'trap']",3hcs9uc56yIGFCSy9leWe7,"{'href': None, 'total': 4461758}"
25,86,XXXTENTACION,"['emo rap', 'miami hip hop']",15UsOTVnJzReFVN1VCnxy4,"{'href': None, 'total': 38187101}"
26,84,Gunna,"['atl hip hop', 'melodic rap', 'rap', 'trap']",2hlmm7s2ICUX0LVIhVFlZQ,"{'href': None, 'total': 4558176}"
27,83,Steve Lacy,['afrofuturism'],57vWImR43h4CaDao012Ofp,"{'href': None, 'total': 1888243}"
28,85,Nicki Minaj,"['dance pop', 'hip pop', 'pop', 'pop rap', 'queens hip hop']",0hCNtLu0JehylgoiP8L4Gh,"{'href': None, 'total': 25978238}"
29,83,Mac Miller,"['hip hop', 'pittsburgh rap', 'rap']",4LLpKhyESsyAXpc4laK94U,"{'href': None, 'total': 7917601}"
30,90,Justin Bieber,"['canadian pop', 'pop']",1uNFoZAHBGtllmzznpCI3s,"{'href': None, 'total': 64942063}"
31,91,BTS,"['k-pop', 'k-pop boy group']",3Nrfpe0tUJi4K4DXYWgMUX,"{'href': None, 'total': 54101839}"
32,83,Polo G,['chicago rap'],6AgTAQt8XS6jRWi4sX7w49,"{'href': None, 'total': 8160254}"
33,88,Billie Eilish,"['art pop', 'electropop', 'pop']",6qqNVTkY8uBg9cP3Jd7DAH,"{'href': None, 'total': 68561145}"
34,87,Chris Brown,"['dance pop', 'pop', 'pop rap', 'r&b']",7bXgB6jMjp9ATFy66eO08Z,"{'href': None, 'total': 16674996}"
35,87,Ariana Grande,"['dance pop', 'pop']",66CXWjxzNUsdJxJ2JdwvnR,"{'href': None, 'total': 82754755}"
36,87,Rihanna,"['barbadian pop', 'dance pop', 'pop', 'urban contemporary']",5pKCCKE2ajJHZ9KAiaK11H,"{'href': None, 'total': 49941479}"
37,84,Young Thug,"['atl hip hop', 'atl trap', 'gangster rap', 'hip hop', 'melodic rap', 'pop rap', 'rap', 'southern hip hop', 'trap']",50co4Is1HCEo8bhOyUWKpn,"{'href': None, 'total': 7467372}"
38,82,Trippie Redd,"['melodic rap', 'rap', 'trap']",6Xgp2XMz1fhVYe7i6yNAax,"{'href': None, 'total': 7924186}"
39,81,Luke Combs,"['contemporary country', 'country']",718COspgdWOnwOFpJHRZHS,"{'href': None, 'total': 7056917}"
40,79,Zach Bryan,['oklahoma country'],40ZNYROS4zLfyyBSs2PGe2,"{'href': None, 'total': 578562}"
41,87,Bruno Mars,"['dance pop', 'pop']",0du5cEVh5yTK9QJze8zA0C,"{'href': None, 'total': 42691276}"
42,79,Rod Wave,['florida rap'],45TgXXqMDdF8BkjA83OM7z,"{'href': None, 'total': 3566178}"
43,90,Ed Sheeran,"['pop', 'uk pop']",6eUKZXaKkcviH0Ku9w2n3V,"{'href': None, 'total': 101838678}"
44,85,Khalid,"['pop', 'pop r&b']",6LuN9FCkKOj5PcnpouEgny,"{'href': None, 'total': 15500623}"
45,82,DaBaby,"['north carolina hip hop', 'rap', 'trap']",4r63FhuTkUYltbVAg5TQnk,"{'href': None, 'total': 10038023}"
46,83,Jack Harlow,"['deep underground hip hop', 'kentucky hip hop', 'rap']",2LIk90788K0zvyj2JJVwkJ,"{'href': None, 'total': 2483912}"
47,82,Playboi Carti,"['atl hip hop', 'plugg', 'pluggnb', 'rap']",699OTQXzgjhIYAHMy9RyPD,"{'href': None, 'total': 6974445}"
48,80,Kodak Black,"['florida rap', 'hip hop', 'melodic rap', 'miami hip hop', 'rap', 'trap']",46SHBwWsqBkxI7EeeBEQG7,"{'href': None, 'total': 8452117}"
49,86,Lana Del Rey,"['art pop', 'pop']",00FQb4jTyendYWaN8pK0wa,"{'href': None, 'total': 17660262}"
50,78,Kali Uchis,"['colombian pop', 'pop']",1U1el3k54VvEUzo3ybLPlM,"{'href': None, 'total': 3125184}"
51,86,Anuel AA,"['latin', 'reggaeton', 'reggaeton flow', 'trap boricua', 'trap latino']",2R21vXR83lH98kGeO99Y66,"{'href': None, 'total': 23396712}"
52,79,Mitski,"['brooklyn indie', 'indie pop']",2uYWxilOVlUdk4oV9DvwqK,"{'href': None, 'total': 3539498}"
53,77,Eslabon Armado,"['corrido', 'corridos tumbados', 'nueva musica mexicana', 'sierreno']",0XeEobZplHxzM9QzFQWLiR,"{'href': None, 'total': 2589349}"
54,76,Jhené Aiko,"['dance pop', 'pop', 'r&b', 'urban contemporary']",5ZS223C6JyBfXasXxrRqOk,"{'href': None, 'total': 5751456}"
55,80,Rex Orange County,"['bedroom pop', 'pop']",7pbDxGE6nQSZVfiFdq9lOL,"{'href': None, 'total': 4425837}"
56,84,Adele,"['british soul', 'pop', 'pop soul', 'uk pop']",4dpARuHxo51G3z768sgnrY,"{'href': None, 'total': 41668222}"
57,77,Miracle Tones,['meditation'],4rXABp4A7KjG9elWFNAbO4,"{'href': None, 'total': 89506}"
58,74,Thomas Rhett,"['contemporary country', 'country', 'country road', 'modern country rock']",6x2LnllRG5uGarZMsD4iO8,"{'href': None, 'total': 4191235}"
59,76,Lil Yachty,"['atl hip hop', 'hip hop', 'melodic rap', 'rap', 'trap', 'underground hip hop', 'viral rap']",6icQOAFXDZKsumw3YXyusw,"{'href': None, 'total': 8303925}"
60,78,Tame Impala,"['australian psych', 'neo-psychedelic']",5INjqkS1o8h1imAzPqGZBb,"{'href': None, 'total': 5910922}"
61,76,NLE Choppa,"['memphis hip hop', 'viral rap']",0ErzCpIMyLcjPiwT4elrtZ,"{'href': None, 'total': 5017341}"
62,77,Logic,"['conscious hip hop', 'dmv rap', 'hip hop', 'pop rap', 'rap']",4xRYI6VqpkE3UwrDrAZL8L,"{'href': None, 'total': 5782627}"
63,84,Jhay Cortez,"['latin', 'reggaeton', 'trap latino']",0EFisYRi20PTADoJrifHrz,"{'href': None, 'total': 4499158}"
64,76,Sleepy Hallow,"['brooklyn drill', 'nyc rap']",6EPlBSH2RSiettczlz7ihV,"{'href': None, 'total': 1034245}"
65,78,Tory Lanez,"['canadian hip hop', 'canadian trap', 'melodic rap', 'pop rap', 'r&b', 'rap', 'toronto rap', 'trap']",2jku7tDXc6XoB6MO2hFuqg,"{'href': None, 'total': 4564561}"
66,78,Summer Walker,"['pop', 'r&b']",57LYzLEk2LcFghVwuWbcuS,"{'href': None, 'total': 3968549}"
67,76,2 Chainz,"['atl hip hop', 'gangster rap', 'hip hop', 'pop rap', 'rap', 'southern hip hop', 'trap']",17lzZA2AlOHwCwFALHttmp,"{'href': None, 'total': 7358466}"
68,78,Fleetwood Mac,"['album rock', 'classic rock', 'mellow gold', 'rock', 'soft rock', 'yacht rock']",08GQAI4eElDnROBrJRGE0X,"{'href': None, 'total': 8629617}"
69,80,Demi Lovato,"['dance pop', 'pop', 'post-teen pop', 'uk pop']",6S2OmqARrzebs0tKUEyXyp,"{'href': None, 'total': 23087796}"
70,77,Bryson Tiller,"['kentucky hip hop', 'pop', 'pop rap', 'r&b', 'rap', 'trap']",2EMAnMvWE2eb56ToJVfCWs,"{'href': None, 'total': 5889546}"
71,77,Miguel,"['dance pop', 'pop', 'r&b', 'urban contemporary']",360IAlyVv4PCEVjgyMZrxK,"{'href': None, 'total': 4171132}"
72,76,AJR,['modern rock'],6s22t5Y3prQHyaHWUN1R1C,"{'href': None, 'total': 2452073}"
73,77,Russ,"['hawaiian hip hop', 'rap']",1z7b1Pr1rSlvWRzsW3HOrS,"{'href': None, 'total': 4513669}"
74,84,Shawn Mendes,"['canadian pop', 'pop', 'viral pop']",7n2wHs1TKAczGzO7Dd2rGr,"{'href': None, 'total': 39076148}"
75,84,Farruko,"['latin', 'latin hip hop', 'reggaeton', 'trap latino']",329e4yvIujISKGKz1BZZbO,"{'href': None, 'total': 13814975}"
76,72,Tyler Childers,"['kentucky indie', 'kentucky roots', 'outlaw country']",13ZEDW6vyBF12HYcZRr4EV,"{'href': None, 'total': 1280058}"
77,83,Charlie Puth,"['dance pop', 'pop', 'viral pop']",6VuMaDnrHyPL1p4EHjYLi7,"{'href': None, 'total': 17200989}"
78,77,JID,"['hip hop', 'rap', 'underground hip hop']",6U3ybJ9UHNKEdsH7ktGBZ7,"{'href': None, 'total': 943302}"
79,73,Key Glock,"['hip hop', 'memphis hip hop', 'rap', 'southern hip hop', 'tennessee hip hop', 'trap']",0RESbWvOMyua0yuyVrztJ5,"{'href': None, 'total': 1300617}"
80,79,2Pac,"['g funk', 'gangster rap', 'hip hop', 'rap', 'west coast rap']",1ZwdS5xdxEREPySFridCfh,"{'href': None, 'total': 13392047}"
81,76,T-Pain,"['dance pop', 'hip hop', 'pop', 'pop rap', 'r&b', 'rap', 'southern hip hop', 'urban contemporary']",3aQeKQSyrW4qWr35idm0cy,"{'href': None, 'total': 3959760}"
82,86,David Guetta,"['big room', 'dance pop', 'edm', 'pop', 'pop dance', 'pop rap']",1Cs0zKBU1kc0i8ypK3B9ai,"{'href': None, 'total': 24718363}"
83,81,Grupo Firme,"['musica mexicana', 'norteno', 'nueva musica mexicana', 'sierreno']",1dKdetem2xEmjgvyymzytS,"{'href': None, 'total': 7021563}"
84,72,Kenny Chesney,"['contemporary country', 'country', 'country road']",3grHWM9bx2E9vwJCdlRv9O,"{'href': None, 'total': 4019999}"
85,76,NAV,"['canadian hip hop', 'canadian trap', 'hip hop', 'melodic rap', 'rap', 'toronto rap', 'trap']",7rkW85dBwwrJtlHRDkJDAC,"{'href': None, 'total': 3057401}"
86,73,Zac Brown Band,"['contemporary country', 'country', 'country road', 'modern country rock']",6yJCxee7QumYr820xdIsjo,"{'href': None, 'total': 3249943}"
87,72,Young Dolph,"['gangster rap', 'hip hop', 'memphis hip hop', 'rap', 'southern hip hop', 'tennessee hip hop', 'trap']",3HiuzBlSW7pGDXlSFMhO2g,"{'href': None, 'total': 2164636}"
88,76,Mac DeMarco,"['edmonton indie', 'lo-fi indie']",3Sz7ZnJQBIHsXLUSo0OQtM,"{'href': None, 'total': 2965438}"
89,80,Luis R Conriquez,"['corrido', 'nueva musica mexicana']",0pePYDrJGk8gqMRbXrLJC8,"{'href': None, 'total': 1024732}"
90,79,Diplo,"['edm', 'electro house', 'moombahton', 'ninja', 'pop', 'pop dance', 'tropical house']",5fMUXHkw8R8eOP2RNVYEZX,"{'href': None, 'total': 2501130}"
91,75,Meek Mill,"['hip hop', 'philly rap', 'pop rap', 'rap', 'southern hip hop', 'trap']",20sxb77xiYeusSH8cVdatc,"{'href': None, 'total': 6454716}"
92,77,The Notorious B.I.G.,"['east coast hip hop', 'gangster rap', 'hardcore hip hop', 'hip hop', 'rap']",5me0Irg2ANcsgc93uaYrpb,"{'href': None, 'total': 7968067}"
93,71,George Strait,"['contemporary country', 'country', 'country road', 'country rock']",5vngPClqofybhPERIqQMYd,"{'href': None, 'total': 3331758}"
94,84,Maluma,"['latin', 'reggaeton', 'reggaeton colombiano', 'trap latino']",1r4hJ1h58CWwUQe3MxPuau,"{'href': None, 'total': 31963361}"
95,76,My Chemical Romance,"['emo', 'pop punk', 'rock']",7FBcuc1gsnv6Y1nwFtNRCb,"{'href': None, 'total': 7093193}"
96,78,Dr. Dre,"['g funk', 'gangster rap', 'hip hop', 'rap', 'west coast rap']",6DPYiyq5kWVQS4RGwxzPC7,"{'href': None, 'total': 7816766}"
97,84,Myke Towers,"['latin', 'reggaeton', 'trap latino']",7iK8PXO48WeuP03g8YR51W,"{'href': None, 'total': 9338138}"
98,82,Camila Cabello,"['dance pop', 'pop', 'post-teen pop', 'uk pop']",4nDoRrQiYLoBzwC5BhVJzF,"{'href': None, 'total': 27841694}"
99,77,John Mayer,"['neo mellow', 'singer-songwriter']",0hEurMDQu99nJRq8pTxO14,"{'href': None, 'total': 5608476}"
100,80,AC/DC,"['australian rock', 'hard rock', 'rock']",711MCceyCBcFnzjGY4Q7Un,"{'href': None, 'total': 24292501}"
101,72,Miranda Lambert,"['contemporary country', 'country', 'country dawn', 'country road']",66lH4jAE7pqPlOlzUKbwA0,"{'href': None, 'total': 3304578}"
102,76,Kehlani,"['dance pop', 'pop', 'pop rap', 'r&b']",0cGUm45nv7Z6M6qdXYQGTX,"{'href': None, 'total': 6089568}"
103,80,Elvis Presley,"['rock-and-roll', 'rockabilly']",43ZHCT0cAZBISjO8DG9PnE,"{'href': None, 'total': 7082687}"
104,72,Jon Pardi,"['contemporary country', 'country', 'country road', 'modern country rock']",4MoAOfV4ROWofLG3a3hhBN,"{'href': None, 'total': 1449845}"
106,80,The Chainsmokers,"['dance pop', 'edm', 'electropop', 'pop', 'pop dance', 'tropical house']",69GGBxA162lTqCwzJG5jLp,"{'href': None, 'total': 19385599}"
107,75,YG,"['cali rap', 'gangster rap', 'hip hop', 'pop rap', 'rap', 'southern hip hop', 'trap']",0A0FS04o6zMoto8OKPsDwY,"{'href': None, 'total': 2915060}"
108,76,Led Zeppelin,"['album rock', 'classic rock', 'hard rock', 'rock']",36QJpDe2go2KgaRleHCDTp,"{'href': None, 'total': 12535273}"
109,74,Joey Bada$$,"['conscious hip hop', 'hip hop', 'rap', 'underground hip hop']",2P5sC9cVZDToPxyomzF1UH,"{'href': None, 'total': 2719340}"
110,85,Shakira,"['colombian pop', 'dance pop', 'latin', 'latin pop', 'pop']",0EmeFodog0BfCgMzAIvKQp,"{'href': None, 'total': 24641437}"
111,75,Clairo,"['bedroom pop', 'indie pop', 'pop']",3l0CmX0FuQjFxr8SK7Vqag,"{'href': None, 'total': 3444987}"
112,80,Kate Bush,"['art pop', 'art rock', 'baroque pop', 'new wave pop', 'permanent wave', 'piano rock', 'singer-songwriter', 'uk pop']",1aSxMhuvixZ8h9dK9jIDwL,"{'href': None, 'total': 1398281}"
113,76,Paramore,"['candy pop', 'pixie', 'pop emo', 'pop punk']",74XFHRwlV6OrjEM0A2NCMF,"{'href': None, 'total': 7086058}"
114,77,Swae Lee,"['melodic rap', 'trap']",1zNqQNIdeOUZHb8zbZRFMX,"{'href': None, 'total': 1532178}"
115,75,Five Finger Death Punch,"['alternative metal', 'groove metal', 'nu metal']",5t28BP42x2axFnqOOMg3CM,"{'href': None, 'total': 5649906}"
116,79,Akon,['dance pop'],0z4gvV4rjIZ9wHck67ucSV,"{'href': None, 'total': 3312371}"
117,76,French Montana,"['gangster rap', 'hip hop', 'pop rap', 'rap', 'southern hip hop', 'trap']",6vXTefBL93Dj5IqAWq6OTv,"{'href': None, 'total': 4632500}"
118,73,Maren Morris,"['contemporary country', 'country', 'texas country']",6WY7D3jk8zTrHtmkqqo5GI,"{'href': None, 'total': 677589}"
119,70,Jelly Roll,"['country rap', 'nashville hip hop', 'tennessee hip hop']",19k8AgwwTSxeaxkOuCQEJs,"{'href': None, 'total': 1426370}"
120,78,5 Seconds of Summer,"['boy band', 'dance pop', 'pop', 'post-teen pop', 'uk pop']",5Rl15oVamLq7FbSb0NNBNy,"{'href': None, 'total': 8788923}"
121,84,ROSALÍA,['r&b en espanol'],7ltDVBr6mKbRvohxheJ9h1,"{'href': None, 'total': 5784285}"
122,75,blink-182,"['pop punk', 'punk', 'rock', 'socal pop punk']",6FBDaR13swtiWwGhX1WQsP,"{'href': None, 'total': 7119908}"
123,79,Carin Leon,"['corrido', 'musica mexicana', 'nueva musica mexicana', 'sierreno']",66ihevNkSYNzRAl44dx6jJ,"{'href': None, 'total': 4242569}"
124,73,Weezer,"['alternative rock', 'modern power pop', 'modern rock', 'permanent wave', 'rock']",3jOstUTkEu2JkjvRdBA5Gu,"{'href': None, 'total': 2850488}"
125,74,Jeremih,"['chicago rap', 'dance pop', 'pop', 'pop rap', 'r&b', 'southern hip hop', 'trap', 'urban contemporary']",3KV3p5EY4AvKxOlhGHORLg,"{'href': None, 'total': 5875373}"
126,71,Lee Brice,"['contemporary country', 'country', 'country road', 'modern country rock']",5Zq7R5qmi58ByYyBQTlNuk,"{'href': None, 'total': 1786810}"
127,79,P!nk,"['dance pop', 'pop']",1KCSPY1glIKqW2TotWuXOR,"{'href': None, 'total': 13571958}"
128,73,YNW Melly,"['melodic rap', 'trap']",1cNDP5yjU5vjeR8qMf4grg,"{'href': None, 'total': 7934700}"
129,78,Chase Atlantic,"['modern rock', 'pop']",7cYEt1pqMgXJdq00hAwVpT,"{'href': None, 'total': 3575147}"
130,78,Radiohead,"['alternative rock', 'art rock', 'melancholia', 'oxford indie', 'permanent wave', 'rock']",4Z8W4fKeB5YxbusRsdQVPb,"{'href': None, 'total': 7399595}"
131,73,MF DOOM,"['alternative hip hop', 'east coast hip hop', 'hip hop', 'rap']",2pAWfrd7WFF3XhVt9GooDL,"{'href': None, 'total': 1447719}"
132,71,Sam Hunt,"['contemporary country', 'country pop']",2kucQ9jQwuD8jWdtR9Ef38,"{'href': None, 'total': 2238031}"
133,82,Nicky Jam,"['latin', 'latin hip hop', 'reggaeton', 'trap latino']",1SupJlEpv7RS2tPNRaHViT,"{'href': None, 'total': 17555679}"
134,71,Jordan Davis,['contemporary country'],77kULmXAQ6vWer7IIHdGzI,"{'href': None, 'total': 687983}"
135,83,BLACKPINK,"['k-pop', 'k-pop girl group']",41MozSoPIsD1dJM0CLPjZF,"{'href': None, 'total': 31976994}"
136,86,Feid,"['colombian pop', 'pop reggaeton', 'reggaeton', 'reggaeton colombiano', 'trap latino']",2LRoIwlKmHjgvigdNGBHNo,"{'href': None, 'total': 1900502}"
137,75,G-Eazy,"['indie pop rap', 'oakland hip hop', 'pop', 'pop rap', 'rap']",02kJSzxNuaWGqwubyUba0Z,"{'href': None, 'total': 5103241}"
138,73,T.I.,"['atl hip hop', 'dance pop', 'dirty south rap', 'gangster rap', 'hip hop', 'pop rap', 'rap', 'southern hip hop', 'trap']",4OBJLual30L7gRl5UkeRcT,"{'href': None, 'total': 4314995}"
139,74,Journey,"['album rock', 'classic rock', 'hard rock', 'mellow gold', 'rock', 'soft rock']",0rvjqX7ttXeg3mTy8Xscbt,"{'href': None, 'total': 4500651}"
140,80,Kygo,"['edm', 'pop', 'pop dance', 'tropical house']",23fqKkggKUBHNkbKtXEls4,"{'href': None, 'total': 8134671}"
141,76,Lorde,"['art pop', 'dance pop', 'electropop', 'metropopolis', 'nz pop', 'pop', 'uk pop']",163tK9Wjr9P9DmM0AVK7lm,"{'href': None, 'total': 9911665}"
142,80,Selena Gomez,"['dance pop', 'pop', 'post-teen pop', 'uk pop']",0C8ZW7ezQVs4URX5aX7Kqx,"{'href': None, 'total': 37084043}"
143,82,Sech,"['latin', 'panamanian pop', 'reggaeton', 'trap latino']",77ziqFxp5gaInVrF2lj4ht,"{'href': None, 'total': 11093593}"
144,81,Becky G,"['latin', 'latin viral pop', 'rap latina', 'reggaeton']",4obzFoKoKRHIphyHzJ35G3,"{'href': None, 'total': 12097969}"
145,79,League of Legends,"['speedrun', 'video game music']",47mIJdHORyRerp4os813jD,"{'href': None, 'total': 1490560}"
146,72,$NOT,"['aesthetic rap', 'florida rap', 'rap', 'underground hip hop']",5IbEL2xjRtKsunfmsahLuO,"{'href': None, 'total': 1164869}"
147,78,Labrinth,"['indie poptimism', 'pop']",2feDdbD5araYcm6JhFHHw7,"{'href': None, 'total': 2492465}"
148,72,Dan + Shay,"['contemporary country', 'country', 'pop']",7z5WFjZAIYejWy0NI5lv4T,"{'href': None, 'total': 2719625}"
149,73,Latto,"['pop', 'trap queen']",3MdXrJWsbVzdn6fe5JYkSQ,"{'href': None, 'total': 862019}"
150,71,Eric Church,"['contemporary country', 'country', 'country road', 'modern country rock']",2IvkS5MXK0vPGnwyJsrEyV,"{'href': None, 'total': 3493136}"
151,76,WILLOW,"['afrofuturism', 'dance pop', 'electropop', 'pop', 'post-teen pop']",3rWZHrfrsPBxVy692yAIxF,"{'href': None, 'total': 2229280}"
152,82,Tiësto,"['big room', 'brostep', 'dance pop', 'dutch edm', 'edm', 'house', 'pop', 'pop dance', 'slap house', 'trance', 'tropical house']",2o5jDhtHVPhrJdv3cEQ99Z,"{'href': None, 'total': 6536506}"
153,74,Phoebe Bridgers,"['indie pop', 'la indie']",1r1uxoy19fzMxunt3ONAkG,"{'href': None, 'total': 1297318}"
154,82,Sia,"['australian dance', 'australian pop', 'pop']",5WUlDfRSoLAfcVSX1WnrxN,"{'href': None, 'total': 24275562}"
155,75,PARTYNEXTDOOR,"['pop', 'pop rap', 'r&b', 'rap', 'toronto rap', 'trap', 'urban contemporary']",2HPaUgqeutzr3jx5a9WyDV,"{'href': None, 'total': 4083658}"
156,79,Daft Punk,"['electro', 'filter house']",4tZwfgrHOc3mvqYlEYSvVi,"{'href': None, 'total': 9151720}"
158,76,iann dior,"['melodic rap', 'pop rap']",6ASri4ePR7RlsvIQgWPJpS,"{'href': None, 'total': 1621330}"
159,76,Hozier,"['irish singer-songwriter', 'pop']",2FXC3k01G6Gw61bmprjgqS,"{'href': None, 'total': 5232682}"
160,72,Carrie Underwood,"['contemporary country', 'country', 'country dawn', 'country road', 'oklahoma country', 'post-teen pop']",4xFUf1FHVy696Q1JQZMTRj,"{'href': None, 'total': 5359209}"
162,74,H.E.R.,"['dance pop', 'pop', 'r&b']",3Y7RZ31TRPVadSFVy1o8os,"{'href': None, 'total': 5465997}"
164,77,Ne-Yo,"['dance pop', 'pop', 'r&b', 'urban contemporary']",21E3waRsmPlU7jZsS13rcj,"{'href': None, 'total': 7359751}"
165,71,Tim McGraw,"['contemporary country', 'country', 'country road']",6roFdX1y5BYSbp60OTJWMd,"{'href': None, 'total': 4103762}"
168,78,Britney Spears,"['dance pop', 'pop', 'post-teen pop']",26dSoYclwsYLMAKD3tpOr4,"{'href': None, 'total': 11294685}"
170,71,Pooh Shiesty,"['memphis hip hop', 'rap', 'tennessee hip hop', 'trap']",5F1aAS1duwlzExnPs3l2Xe,"{'href': None, 'total': 954427}"
171,77,The Rolling Stones,"['british invasion', 'classic rock', 'rock']",22bE4uQ6baNwSHPVcDxLCe,"{'href': None, 'total': 12086785}"
174,75,6LACK,"['atl hip hop', 'hip hop', 'melodic rap', 'pop rap', 'r&b', 'rap', 'trap']",4IVAbR2w4JJNJDDRFP3E83,"{'href': None, 'total': 3629755}"
176,80,ABBA,"['europop', 'swedish pop']",0LcJLqbBmaGUft1e9Mm8HV,"{'href': None, 'total': 8648806}"
178,77,Alicia Keys,"['hip pop', 'neo soul', 'pop', 'r&b', 'urban contemporary']",3DiDSECUqqY1AuBP8qtaIa,"{'href': None, 'total': 9911786}"
179,70,HARDY,['contemporary country'],5QNm7E7RU2m64l6Gliu8Oy,"{'href': None, 'total': 187577}"
183,77,The Killers,"['alternative rock', 'dance rock', 'modern rock', 'permanent wave', 'rock']",0C0XlULifJtAgn6ZNCW2eu,"{'href': None, 'total': 6658248}"
184,76,Creedence Clearwater Revival,"['album rock', 'classic rock', 'country rock', 'rock', 'southern rock', 'swamp rock']",3IYUhFvPQItj6xySrBmZkd,"{'href': None, 'total': 5241468}"
185,73,Cage The Elephant,"['modern rock', 'punk blues', 'rock']",26T3LtbuGT1Fu9m0eRq5X3,"{'href': None, 'total': 2970119}"
186,71,EST Gee,"['kentucky hip hop', 'rap', 'southern hip hop', 'trap']",4FlG0V0jhLO4qGpayFOphj,"{'href': None, 'total': 268080}"
187,79,Romeo Santos,"['bachata', 'latin']",5lwmRuXgjX8xIwlnauTZIP,"{'href': None, 'total': 16174904}"
188,75,Rain Fruits Sounds,[],5OQTGVAJnAH4u8MIOXUA7Y,"{'href': None, 'total': 2179}"
190,73,Three Days Grace,"['alternative metal', 'canadian metal', 'canadian rock', 'nu metal', 'post-grunge']",2xiIXseIJcq3nG7C8fHeBj,"{'href': None, 'total': 5354171}"
191,73,Pusha T,"['hip hop', 'rap', 'southern hip hop', 'trap', 'virginia hip hop']",0ONHkAv9pCAFxb0zJwDNTy,"{'href': None, 'total': 2562593}"
192,78,Bob Marley & The Wailers,"['reggae', 'roots reggae']",2QsynagSdAqZj3U9HgDzjD,"{'href': None, 'total': 10791507}"
195,73,Outkast,"['atl hip hop', 'dirty south rap', 'hip hop', 'old school atlanta hip hop', 'pop rap', 'rap', 'southern hip hop']",1G9G7WwrXka3Z1r7aIDjI7,"{'href': None, 'total': 2023085}"
196,69,Upchurch,"['country rap', 'redneck']",2pSObt5Fk8izuX8ZfI3jRn,"{'href': None, 'total': 1326774}"
197,74,Fivio Foreign,"['brooklyn drill', 'hip hop', 'new york drill', 'rap', 'trap']",14CHVeJGrR5xgUGQFV5BVM,"{'href': None, 'total': 1006146}"
198,74,Cavetown,"['bedroom pop', 'indie pop']",2hR4h1Cao2ueuI7Cx9c7V8,"{'href': None, 'total': 3384300}"
199,78,Banda MS de Sergio Lizárraga,"['banda', 'musica mexicana', 'norteno']",2C6i0I5RiGzDKN9IAF8reh,"{'href': None, 'total': 15755145}"
200,71,Bailey Zimmerman,['contemporary country'],3win9vGIxFfBRag9S63wwf,"{'href': None, 'total': 177227}"
211,74,Nelly,"['dance pop', 'gangster rap', 'hip hop', 'pop rap', 'rap', 'southern hip hop', 'st louis rap', 'urban contemporary']",2gBjLmx6zQnFGQJCAQpRgw,"{'href': None, 'total': 2213895}"
221,76,Kesha,"['dance pop', 'electropop', 'pop', 'post-teen pop', 'uk pop']",6LqNN22kT3074XbTVUrhzX,"{'href': None, 'total': 7432496}"
230,75,Jack Johnson,['neo mellow'],3GBPw9NK25X1Wt2OUvOwY3,"{'href': None, 'total': 3451101}"
250,74,Bruce Springsteen,"['classic rock', 'heartland rock', 'mellow gold', 'permanent wave', 'rock', 'singer-songwriter']",3eqjTLE0HfPfh78zjh6TqT,"{'href': None, 'total': 5002015}"
251,75,Whitney Houston,"['dance pop', 'pop', 'urban contemporary']",6XpaIBNiVzIetEPCWDvAFP,"{'href': None, 'total': 8296952}"
252,76,U2,"['irish rock', 'permanent wave', 'rock']",51Blml2LZPmy7TTiAg47vQ,"{'href': None, 'total': 10112918}"
253,78,Bomba Estéreo,"['cumbia', 'latin alternative', 'pop electronico', 'tropical alternativo']",5n9bMYfz9qss2VOW89EVs2,"{'href': None, 'total': 979851}"
254,74,Meghan Trainor,"['dance pop', 'hip pop', 'pop', 'post-teen pop', 'uk pop']",6JL8zeS1NmiOftqZTRgdTz,"{'href': None, 'total': 11589086}"
255,67,Walker Hayes,"['contemporary country', 'country', 'country road', 'modern country rock']",7sKxqpSqbIzphAKAhrqvlf,"{'href': None, 'total': 514915}"
256,71,Eyedress,['noise pop'],3XxNRirzbjfLdDli06zMaB,"{'href': None, 'total': 859404}"
257,74,Julia Michaels,"['alt z', 'dance pop', 'electropop', 'pop', 'post-teen pop']",0ZED1XzwlLHW4ZaG4lOT6m,"{'href': None, 'total': 4527874}"
258,82,Manuel Turizo,"['colombian pop', 'latin', 'reggaeton', 'reggaeton colombiano', 'trap latino']",0tmwSHipWxN12fsoLcFU3B,"{'href': None, 'total': 10129441}"
259,70,Hollywood Undead,"['alternative metal', 'modern rock', 'nu metal', 'rap metal', 'rap rock']",0CEFCo8288kQU7mJi25s6E,"{'href': None, 'total': 2224322}"
260,72,Gwen Stefani,"['dance pop', 'hip pop', 'pop', 'post-teen pop', 'urban contemporary']",4yiQZ8tQPux8cPriYMWUFP,"{'href': None, 'total': 5510252}"
261,66,Russell Dickerson,"['contemporary country', 'country', 'country road', 'modern country rock']",1E2AEtxaFaJtH0lO7kgNKw,"{'href': None, 'total': 393116}"
262,69,PnB Rock,"['melodic rap', 'pop rap', 'r&b', 'rap', 'trap']",21WS9wngs9AqFckK7yYJPM,"{'href': None, 'total': 3417651}"
263,74,LANY,"['la pop', 'pop']",49tQo2QULno7gxHutgccqF,"{'href': None, 'total': 4922444}"
264,69,Aminé,"['hip hop', 'pop', 'portland hip hop', 'rap', 'underground hip hop']",3Gm5F95VdRxW3mqCn8RPBJ,"{'href': None, 'total': 1813650}"
265,75,Prince Royce,"['bachata', 'latin', 'latin hip hop', 'latin pop']",3MHaV05u0io8fQbZ2XPtlC,"{'href': None, 'total': 7168688}"
266,70,Tai Verdes,"['modern indie pop', 'pop rap']",2kCO8LXN1usaOPL3iEE28I,"{'href': None, 'total': 606443}"
267,72,Los Bukis,"['grupera', 'gruperas inmortales', 'musica mexicana', 'tropical']",16kOCiqZ1auY4sokSeZuKf,"{'href': None, 'total': 2858861}"
268,69,PinkPantheress,['russian plugg'],78rUTD7y6Cy67W1RVzYs7t,"{'href': None, 'total': 1195808}"
269,66,Shoreline Mafia,"['cali rap', 'trap', 'underground hip hop', 'viral rap']",4tYSBptyGeVyZsk8JC4JHZ,"{'href': None, 'total': 1015000}"
270,72,Marvin Gaye,"['classic soul', 'funk', 'indie r&b', 'motown', 'northern soul', 'quiet storm', 'soul']",3koiLjNrgRTNbOwViDipeA,"{'href': None, 'total': 4696932}"
271,70,Dayglow,"['austindie', 'indie pop', 'modern rock']",6eJa3zG1QZLRB3xgRuyxbm,"{'href': None, 'total': 801094}"
272,67,Money Man,"['memphis hip hop', 'rap', 'southern hip hop', 'trap']",3Rx4PJ7SP6unkOk5elPUK7,"{'href': None, 'total': 457983}"
273,70,Mary J. Blige,"['dance pop', 'hip pop', 'neo soul', 'r&b', 'urban contemporary']",1XkoF8ryArs86LZvFOkbyr,"{'href': None, 'total': 3263477}"
274,66,Jake Owen,"['contemporary country', 'country', 'country road', 'modern country rock']",1n2pb9Tsfe4SwAjmUac6YT,"{'href': None, 'total': 1766728}"
275,69,Fetty Wap,"['new jersey rap', 'pop rap', 'rap', 'southern hip hop', 'trap']",6PXS4YHDkKvl1wkIl4V8DL,"{'href': None, 'total': 4349698}"
276,76,Alesso,"['dance pop', 'edm', 'electro house', 'pop', 'pop dance', 'tropical house']",4AVFqumd2ogHFlRbKIjp1t,"{'href': None, 'total': 3849304}"
277,69,ZOMBIES – Cast,[],2L7RaHwfVU6ge64IJF8GO5,"{'href': None, 'total': 25345}"
278,77,Plan B,"['latin', 'reggaeton', 'trap latino']",2jSGzJw0ebJLu7OLVSOcBP,"{'href': None, 'total': 2027427}"
279,70,Beach Bunny,"['bubblegrunge', 'chicago indie', 'indie pop']",2vnB6tuQMaQpORiRdvXF9H,"{'href': None, 'total': 988870}"
280,72,Hailee Steinfeld,"['dance pop', 'pop', 'post-teen pop', 'uk pop']",5p7f24Rk5HkUZsaS3BLG5F,"{'href': None, 'total': 7996149}"
281,76,R3HAB,"['dance pop', 'dutch house', 'edm', 'electro house', 'pop', 'pop dance', 'progressive electro house', 'slap house', 'tropical house']",6cEuCEZu7PAE9ZSzLLc2oQ,"{'href': None, 'total': 2392116}"
282,71,The Goo Goo Dolls,"['neo mellow', 'permanent wave', 'pop rock']",2sil8z5kiy4r76CRTXxBCA,"{'href': None, 'total': 2304488}"
283,75,Hans Zimmer,"['german soundtrack', 'orchestral soundtrack', 'soundtrack']",0YC192cP3KPCRWx8zr8MfZ,"{'href': None, 'total': 3099240}"
284,76,Troye Sivan,"['australian pop', 'dance pop', 'pop', 'uk pop', 'viral pop']",3WGpXCj9YhhfX11TToZcXP,"{'href': None, 'total': 7115173}"
285,75,Jennifer Lopez,"['dance pop', 'pop', 'pop rap', 'urban contemporary']",2DlGxzQSjYe5N6G9nkYghR,"{'href': None, 'total': 12263108}"
286,72,JVKE,['modern indie pop'],164Uj4eKjl6zTBKfJLFKKK,"{'href': None, 'total': 414229}"
287,74,Backstreet Boys,"['boy band', 'dance pop']",5rSXSAkZ67PYJSvpUpkOr7,"{'href': None, 'total': 4686240}"
288,76,Natanael Cano,"['corrido', 'corridos tumbados', 'musica mexicana', 'nueva musica mexicana', 'sierreno']",0elWFr7TW8piilVRYJUe4P,"{'href': None, 'total': 4547512}"
289,66,E-40,"['cali rap', 'gangster rap', 'hip hop', 'hyphy', 'oakland hip hop', 'pop rap', 'rap', 'southern hip hop', 'trap', 'west coast rap']",3crnzLy8R4lVwaigKEOz7V,"{'href': None, 'total': 773090}"
290,66,Harry Fraud,[],37ASGd4rWpHjuVonnYAN6S,"{'href': None, 'total': 34864}"
291,67,Flo Milli,"['dance pop', 'pop', 'viral rap']",08PvCOlef4xdOr20jFSTPd,"{'href': None, 'total': 483977}"
292,74,The Police,"['album rock', 'art rock', 'classic rock', 'mellow gold', 'new wave', 'permanent wave', 'rock', 'soft rock']",5NGO30tJxFlKixkPSgXcFE,"{'href': None, 'total': 5088148}"
293,70,The Black Keys,"['alternative rock', 'blues rock', 'garage rock', 'modern blues rock', 'modern rock', 'punk blues', 'rock', 'roots rock']",7mnBLXK823vNxN3UWB7Gfz,"{'href': None, 'total': 3741697}"
294,69,All Time Low,"['modern rock', 'pop punk', 'rock']",46gyXjRIvN1NL1eCB8GBxo,"{'href': None, 'total': 2835038}"
295,71,Powfu,['sad rap'],6bmlMHgSheBauioMgKv2tn,"{'href': None, 'total': 1096713}"
296,67,Nipsey Hussle,"['conscious hip hop', 'gangster rap', 'hip hop', 'pop rap', 'rap', 'southern hip hop', 'trap']",0EeQBlQJFiAfJeVN2vT9s0,"{'href': None, 'total': 2849073}"
297,64,"Hank Williams, Jr.","['country', 'country road', 'country rock', 'outlaw country']",2dyeCWctcFRt3Pha76ONgb,"{'href': None, 'total': 1324794}"
298,66,Bryce Vine,"['electropop', 'pop', 'pop rap']",1ShZZUjkbXCjhwrb18BA8I,"{'href': None, 'total': 463574}"
299,66,Destroy Lonely,"['pluggnb', 'underground hip hop', 'vapor trap']",1HPW4jeRjXBFRoUnSvBzoD,"{'href': None, 'total': 102650}"
300,70,Dolly Parton,"['classic country pop', 'country', 'country dawn']",32vWCbZh0xZ4o9gkz4PsEU,"{'href': None, 'total': 1875569}"
301,70,Noah Cyrus,"['dance pop', 'pop']",55fhWPvDiMpLnE4ZzNXZyW,"{'href': None, 'total': 1015092}"
302,73,The Cure,"['new wave', 'permanent wave', 'rock', 'uk post-punk']",7bu3H8JO7d0UbMoVzbo70s,"{'href': None, 'total': 3907338}"
303,69,Lil Tracy,"['dark trap', 'emo rap', 'melodic rap', 'underground hip hop', 'vapor trap']",5g63iWaMJ2UrkZMkCC8dMi,"{'href': None, 'total': 602389}"
304,76,Maná,"['latin', 'latin arena pop', 'latin pop', 'latin rock', 'mexican pop', 'mexican rock', 'rock en espanol']",7okwEbXzyT2VffBmyQBWLz,"{'href': None, 'total': 8402415}"
305,69,Def Leppard,"['album rock', 'hard rock', 'nwobhm', 'rock']",6H1RjVyNruCmrBEWRbD0VZ,"{'href': None, 'total': 3946487}"
306,66,SleazyWorld Go,[],7FOQfJbC3e4GNoheojERnF,"{'href': None, 'total': 65190}"
307,65,CMG The Label,[],3rO1KMi81CCLjSjkImNtrA,"{'href': None, 'total': 4037}"
308,79,Lenny Tavárez,"['latin', 'reggaeton', 'reggaeton flow', 'trap argentino', 'trap latino']",1pQWsZQehhS4wavwh7Fnxd,"{'href': None, 'total': 1917181}"
309,70,Oliver Tree,['alternative hip hop'],6TLwD7HPWuiOzvXEa3oCNe,"{'href': None, 'total': 1922172}"
310,76,Wisin,"['latin', 'latin hip hop', 'reggaeton', 'trap latino']",3E6xrwgnVfYCrCs0ePERDz,"{'href': None, 'total': 8070767}"
311,76,Natti Natasha,"['latin', 'latin pop', 'rap latina', 'reggaeton', 'trap latino']",1GDbiv3spRmZ1XdM1jQbT7,"{'href': None, 'total': 8253222}"
312,75,Tony Dize,"['latin', 'latin hip hop', 'reggaeton', 'trap latino']",3LKXWvXFWrkwUzJWxzwVpW,"{'href': None, 'total': 3027767}"
313,75,ZAYN,"['dance pop', 'pop', 'post-teen pop', 'uk pop']",5ZsFI1h6hIdQRw2ti0hz81,"{'href': None, 'total': 21197349}"
314,75,Los Ángeles Azules,"['gruperas inmortales', 'musica mexicana', 'nu-cumbia', 'tropical']",0ZCO8oVkMj897cKgFH7fRW,"{'href': None, 'total': 6147155}"
315,66,Isaiah Rashad,"['hip hop', 'rap', 'tennessee hip hop', 'underground hip hop']",6aaMZ3fcfLv4tEbmY7bjRM,"{'href': None, 'total': 1181054}"
316,75,NIKI,"['indonesian r&b', 'pop']",2kxP07DLgs4xlWz8YHlvfh,"{'href': None, 'total': 1800481}"
317,67,Earl Sweatshirt,"['alternative hip hop', 'experimental hip hop', 'hip hop', 'rap', 'underground hip hop']",3A5tHz1SfngyOZM2gItYKu,"{'href': None, 'total': 1850926}"
318,66,The Backseat Lovers,"['modern rock', 'slc indie']",6p2HnfM955TI1bX34dkLnI,"{'href': None, 'total': 280672}"
319,71,Flume,"['australian dance', 'australian electropop', 'australian indie', 'downtempo', 'edm']",6nxWCVXbOlEVRexSbLsTer,"{'href': None, 'total': 2306557}"
320,67,Cordae,"['dmv rap', 'hip hop', 'rap', 'trap', 'underground hip hop']",0huGjMyP507tBCARyzSkrv,"{'href': None, 'total': 1803005}"
321,69,Ashnikko,"['dance pop', 'electropop', 'escape room', 'pop']",3PyJHH2wyfQK3WZrk9rpmP,"{'href': None, 'total': 1784833}"
322,66,Tay-K,"['cali rap', 'dfw rap', 'rap', 'trap', 'vapor trap', 'viral rap']",2ODbg2404zUzTi02qIPEjB,"{'href': None, 'total': 2947688}"
323,67,Omar Apollo,"['bedroom pop', 'bedroom soul', 'pop', 'r&b']",5FxD8fkQZ6KcsSYupDVoSO,"{'href': None, 'total': 532703}"
324,70,Ashanti,"['dance pop', 'hip hop', 'hip pop', 'r&b', 'urban contemporary']",5rkVyNGXEgeUqKkB5ccK83,"{'href': None, 'total': 2495278}"
325,69,Soulja Boy,"['atl hip hop', 'chicago bop', 'dance pop', 'dirty south rap', 'pop rap', 'rap', 'southern hip hop', 'trap', 'viral rap']",6GMYJwaziB4ekv1Y6wCDWS,"{'href': None, 'total': 1581319}"
326,63,Mike Sherm,"['cali rap', 'viral rap']",3tqosLbNFNekyZyO2KJ6qd,"{'href': None, 'total': 276809}"
327,68,Ciara,"['dance pop', 'hip pop', 'pop', 'post-teen pop', 'r&b', 'urban contemporary']",2NdeV5rLm47xAvogXrYhJX,"{'href': None, 'total': 5812784}"
328,73,Disclosure,"['edm', 'house', 'pop', 'uk dance']",6nS5roXSAGhTGr34W6n7Et,"{'href': None, 'total': 2057229}"
329,69,DMX,"['east coast hip hop', 'gangster rap', 'hardcore hip hop', 'hip hop', 'pop rap', 'rap', 'southern hip hop']",1HwM5zlC5qNWhJtM00yXzG,"{'href': None, 'total': 3652445}"
330,68,DannyLux,"['corridos tumbados', 'nueva musica mexicana']",6ElqtIfQsAkEYypgfJIjeK,"{'href': None, 'total': 451713}"
331,65,Dylan Scott,"['contemporary country', 'country', 'country road']",78YqeIji3mgAS2K1Maca6x,"{'href': None, 'total': 1225087}"
332,65,Mt. Joy,"['indie folk', 'modern rock', 'stomp and holler']",69tiO1fG8VWduDl3ji2qhI,"{'href': None, 'total': 301758}"
333,76,Martin Garrix,"['dance pop', 'dutch edm', 'edm', 'pop', 'pop dance', 'progressive house', 'tropical house']",60d24wfXkVzDSfLS6hyCjZ,"{'href': None, 'total': 15625325}"
334,68,iamjakehill,"['emo rap', 'pop rap', 'sad rap']",26JloX1vHxGGrGUVeMItFJ,"{'href': None, 'total': 465081}"
335,66,Waylon Jennings,"['country', 'country rock', 'outlaw country', 'texas country']",7wCjDgV6nqBsHguQXPAaIM,"{'href': None, 'total': 1176231}"
336,68,BROCKHAMPTON,"['boy band', 'hip hop', 'rap']",1Bl6wpkWCQ4KVgnASpvzzA,"{'href': None, 'total': 2022701}"
337,68,Idina Menzel,"['hollywood', 'show tunes']",73Np75Wv2tju61Eo9Zw4IR,"{'href': None, 'total': 397222}"
338,76,Ludovico Einaudi,"['bow pop', 'compositional ambient', 'neo-classical']",2uFUBdaVGtyMqckSeCl0Qj,"{'href': None, 'total': 2822728}"
339,68,Lucky Daye,"['pop', 'r&b']",5Vuvs6Py2JRU7WiFDVsI7J,"{'href': None, 'total': 432172}"
340,72,Frédéric Chopin,"['classical', 'early romantic era', 'polish classical']",7y97mc3bZRFXzT2szRM4L4,"{'href': None, 'total': 2831818}"
341,65,Mitchell Tenpenny,"['contemporary country', 'heartland rock']",1p6CdzJRoicjRcSdWoB9Qc,"{'href': None, 'total': 336650}"
342,74,Arcane,[],57nPqD7z62gDdq37US9XJR,"{'href': None, 'total': 134597}"
343,74,Nio Garcia,"['latin', 'latin hip hop', 'reggaeton', 'trap latino']",5hdhHgpxyniooUiQVaPxQ0,"{'href': None, 'total': 3567990}"
344,67,Jamie Foxx,"['contemporary r&b', 'hip hop', 'hip pop', 'neo soul', 'pop rap', 'r&b', 'southern hip hop', 'urban contemporary']",7LnaAXbDVIL75IVPnndf7w,"{'href': None, 'total': 1001129}"
345,64,ERNEST,['contemporary country'],4GGfAshSkqoxpZdoaHm7ky,"{'href': None, 'total': 43676}"
346,66,Bas,"['hip hop', 'queens hip hop', 'rap', 'southern hip hop', 'sudanese hip hop', 'sudanese pop', 'trap', 'underground hip hop']",70gP6Ry4Uo0Yx6uzPIdaiJ,"{'href': None, 'total': 465977}"
347,67,Rich The Kid,"['atl hip hop', 'hip hop', 'melodic rap', 'plugg', 'pop rap', 'rap', 'southern hip hop', 'trap', 'vapor trap', 'viral rap']",1pPmIToKXyGdsCF6LmqLmI,"{'href': None, 'total': 2899596}"
348,73,KISS,"['album rock', 'glam rock', 'hard rock', 'metal', 'rock']",07XSN3sPlIlB2L2XNcTwJw,"{'href': None, 'total': 7595936}"
349,64,Dave Matthews Band,"['jam band', 'pop rock']",2TI7qyDE0QfyOlnbtfDo7L,"{'href': None, 'total': 1750585}"
350,69,Tinashe,"['alternative r&b', 'dance pop', 'electropop', 'metropopolis', 'pop', 'pop rap', 'post-teen pop', 'r&b', 'uk pop', 'urban contemporary']",0NIIxcxNHmOoyBx03SfTCD,"{'href': None, 'total': 2438011}"
351,78,Måneskin,"['indie rock italiano', 'italian pop']",0lAWpj5szCSwM4rUMHYmrr,"{'href': None, 'total': 6390617}"
352,66,Djo,['psychedelic pop'],5p9HO3XC5P3BLxJs5Mtrhm,"{'href': None, 'total': 527564}"
353,69,KAYTRANADA,"['escape room', 'lgbtq+ hip hop']",6qgnBH6iDM91ipVXv28OMu,"{'href': None, 'total': 1056652}"
354,71,Banda El Recodo,"['banda', 'musica mexicana', 'ranchera']",6AcOTCYBMvjKYy4zms0kaC,"{'href': None, 'total': 3093171}"
355,70,Bill Withers,"['funk', 'quiet storm', 'soul']",1ThoqLcyIYvZn7iWbj8fsj,"{'href': None, 'total': 1360048}"
356,70,X Ambassadors,"['modern alternative rock', 'modern rock', 'pop', 'pop rap', 'pop rock', 'rock', 'stomp pop']",3NPpFNZtSTHheNBaWC82rB,"{'href': None, 'total': 2736943}"
357,67,Chalino Sanchez,"['corridos clasicos', 'musica mexicana', 'norteno']",7u9m43vPVTERaALXXOzrRq,"{'href': None, 'total': 2044901}"
358,69,Olivia O'Brien,"['alt z', 'dance pop', 'electropop', 'pop', 'post-teen pop', 'uk pop']",1QRj3hoop9Mv5VvHQkwPEp,"{'href': None, 'total': 1985034}"
359,69,Surf Curse,"['dreamo', 'indie surf', 'modern rock', 'surf punk', 'vegas indie']",1gl0S9pS0Zw0qfa14rDD3D,"{'href': None, 'total': 783779}"
360,78,Reik,"['latin', 'latin arena pop', 'latin pop', 'mexican pop']",0vR2qb8m9WHeZ5ByCbimq2,"{'href': None, 'total': 7504078}"
361,73,La Adictiva Banda San José de Mesillas,"['banda', 'musica mexicana', 'nueva musica mexicana', 'ranchera']",49EE6lVLgU8sp7dFgPshgM,"{'href': None, 'total': 4272786}"
362,69,Fergie,"['dance pop', 'pop', 'post-teen pop', 'urban contemporary']",3r17AfJCCUqC9Lf0OAc73G,"{'href': None, 'total': 5120086}"
363,69,Hillsong UNITED,"['ccm', 'christian alternative rock', 'christian music', 'worship']",74cb3MG0x0BOnYNW1uXYnM,"{'href': None, 'total': 3489872}"
364,69,John Williams,"['orchestral soundtrack', 'soundtrack']",3dRfiJ2650SZu6GbydcHNb,"{'href': None, 'total': 1152654}"
365,71,The Doors,"['acid rock', 'classic rock', 'psychedelic rock', 'rock']",22WZ7M8sxp5THdruNY3gXt,"{'href': None, 'total': 6831218}"
366,65,Waka Flocka Flame,"['atl hip hop', 'dirty south rap', 'gangster rap', 'pop rap', 'rap', 'southern hip hop', 'trap']",6f4XkbvYlXMH0QgVRzW0sM,"{'href': None, 'total': 2492724}"
367,73,Benson Boone,['pop'],22wbnEMDvgVIAGdFeek6ET,"{'href': None, 'total': 407873}"
368,68,FLETCHER,"['alt z', 'dance pop', 'electropop', 'pop', 'post-teen pop']",5qa31A9HySw3T7MKWI9bGg,"{'href': None, 'total': 664395}"
369,65,Yelawolf,"['alabama rap', 'hip hop', 'pop rap', 'rap', 'southern hip hop']",68DWke2VjdDmA75aJX5C57,"{'href': None, 'total': 2057837}"
370,75,PNAU,"['alternative dance', 'aussietronica', 'australian dance', 'australian electropop']",6n28c9qs9hNGriNa72b26u,"{'href': None, 'total': 189304}"
371,65,Louis The Child,"['edm', 'electro house', 'electropop', 'indie poptimism', 'pop', 'pop dance', 'tropical house']",7wg1qvie3KqDNQbAkTdbX0,"{'href': None, 'total': 446001}"
372,71,Madison Beer,"['alt z', 'dance pop', 'electropop', 'pop', 'post-teen pop', 'uk pop']",2kRfqPViCqYdSGhYSM9R0Q,"{'href': None, 'total': 5369568}"
373,74,Major Lazer,"['dance pop', 'edm', 'electro house', 'moombahton', 'pop', 'pop dance', 'pop rap', 'tropical house']",738wLrAtLtCtFOLvQBXOXp,"{'href': None, 'total': 6308759}"
374,73,Steve Aoki,"['dance pop', 'edm', 'electro house', 'pop dance', 'pop rap', 'tropical house']",77AiFEVeAVj2ORpC85QVJs,"{'href': None, 'total': 3690642}"
375,79,Central Cee,['drill brasileiro'],5H4yInM5zmHqpKIoMNAx4r,"{'href': None, 'total': 1448419}"
376,70,Zendaya,"['dance pop', 'pop', 'post-teen pop']",6sCbFbEjbYepqswM1vWjjs,"{'href': None, 'total': 3398773}"
377,70,Destiny's Child,"['dance pop', 'girl group', 'hip pop', 'pop', 'r&b', 'urban contemporary']",1Y8cdNmUJH7yBTd9yOvr5i,"{'href': None, 'total': 5757069}"
378,70,Simon & Garfunkel,"['classic rock', 'folk', 'folk rock', 'melancholia', 'mellow gold', 'rock']",70cRZdQywnSFp9pnc2WTCE,"{'href': None, 'total': 4211714}"
379,67,Current Joys,"['indie pop', 'lo-fi indie', 'modern rock']",0m5FakHKCQdA7UN0PIzMcL,"{'href': None, 'total': 775237}"
380,66,Lizzy McAlpine,"['boston folk', 'indie pop', 'pop']",1GmsPCcpKgF9OhlNXjOsbS,"{'href': None, 'total': 276059}"
381,65,Aaron May,"['hip hop', 'rap']",2rwALQ1SXdfUWPUd6WOfYS,"{'href': None, 'total': 235213}"
382,72,Jason Mraz,"['acoustic pop', 'neo mellow', 'pop', 'pop rock']",4phGZZrJZRo4ElhRtViYdl,"{'href': None, 'total': 6776059}"
383,66,The Doobie Brothers,"['album rock', 'blues rock', 'classic rock', 'country rock', 'folk rock', 'hard rock', 'heartland rock', 'mellow gold', 'rock', 'soft rock', 'yacht rock']",39T6qqI0jDtSWWioX8eGJz,"{'href': None, 'total': 2019277}"
384,66,Rush,"['album rock', 'art rock', 'canadian metal', 'classic canadian rock', 'classic rock', 'hard rock', 'metal', 'progressive rock', 'rock']",2Hkut4rAAyrQxRdof7FVJq,"{'href': None, 'total': 1938143}"
385,74,Yandel,"['latin', 'latin hip hop', 'reggaeton', 'reggaeton flow', 'trap latino']",0eHQ9o50hj6ZDNBt6Ys1sD,"{'href': None, 'total': 6135170}"
386,67,Ratatat,"['alternative dance', 'indietronica', 'new rave']",57dN52uHvrHOxijzpIgu3E,"{'href': None, 'total': 576864}"
387,67,BØRNS,"['modern rock', 'pop']",1KP6TWI40m7p3QBTU6u2xo,"{'href': None, 'total': 1104668}"
388,69,Jaden,"['hip hop', 'pop', 'rap']",0xOeVMOz2fVg5BJY3N6akT,"{'href': None, 'total': 1817467}"
389,71,London Symphony Orchestra,"['british orchestra', 'classical performance', 'orchestra']",5yxyJsFanEAuwSM5kOuZKc,"{'href': None, 'total': 252569}"
390,74,DJ Luian,"['latin', 'latin hip hop', 'reggaeton', 'reggaeton flow', 'trap latino']",64aJYyrXljOodnUG6jvhRD,"{'href': None, 'total': 1588477}"
391,71,Glee Cast,"['glee club', 'hollywood', 'post-teen pop']",0SCbttzoZTnLFebDYmAWCm,"{'href': None, 'total': 1487214}"
392,62,BabyTron,"['detroit hip hop', 'scam rap', 'vapor trap']",0sKsReKseslDlhxmbN6wLk,"{'href': None, 'total': 105245}"
393,66,Matchbox Twenty,"['neo mellow', 'pop rock', 'post-grunge']",3Ngh2zDBRPEriyxQDAMKd1,"{'href': None, 'total': 2173553}"
394,69,Owl City,"['indietronica', 'pop rock']",07QEuhtrNmmZ0zEcqE9SF6,"{'href': None, 'total': 2256015}"
395,70,Max Richter,"['compositional ambient', 'post-minimalism']",2VZNmg4vCnew4Pavo8zDdW,"{'href': None, 'total': 804916}"
396,63,JayDaYoungan,"['melodic rap', 'southern hip hop', 'trap']",0E3pLs4jXz9tDQGY8m1A1d,"{'href': None, 'total': 1120760}"
397,73,NewJeans,[],6HvZYsbFfjnjFrWF950C9d,"{'href': None, 'total': 400706}"
398,63,Rebelution,['reggae rock'],2WjvvwAX0mdWwq3aFuUdtc,"{'href': None, 'total': 749121}"
399,75,Elley Duhé,"['alt z', 'pop']",67MNhiAICFY6Pwc2YxCO0K,"{'href': None, 'total': 303516}"
400,67,Darius Rucker,"['black americana', 'contemporary country', 'country', 'country road']",7FY5V3XMwlNBPitEjXowHQ,"{'href': None, 'total': 2276540}"
401,74,dazy,[],38PzLQE4GW8o7A18oGhi0x,"{'href': None, 'total': 4216}"
402,73,Dove Cameron,"['pop', 'post-teen pop']",2W8yFh0Ga6Yf3jiayVxwkE,"{'href': None, 'total': 3673558}"
403,68,Dreamville,"['hip hop', 'rap']",1iNqsUDUraNWrj00bqssQG,"{'href': None, 'total': 453379}"
407,81,Mora,"['reggaeton', 'trap latino']",0Q8NcsJwoCbZOHHW63su5S,"{'href': None, 'total': 666186}"
408,67,Tee Grizzley,"['detroit hip hop', 'detroit trap', 'hip hop', 'pop rap', 'rap', 'southern hip hop', 'trap']",6AUl0ykLLpvTktob97x9hO,"{'href': None, 'total': 2996211}"
410,66,Brantley Gilbert,"['contemporary country', 'country', 'country road', 'modern country rock']",5q8HGNo0BjLWaTAhRtbwxa,"{'href': None, 'total': 2642322}"
412,72,Diddy,"['dance pop', 'east coast hip hop', 'hip hop', 'hip pop', 'pop rap', 'rap']",59wfkuBoNyhDMQGCljbUbA,"{'href': None, 'total': 1351349}"
414,70,Jay Rock,"['conscious hip hop', 'gangster rap', 'hip hop', 'pop rap', 'rap', 'southern hip hop', 'trap', 'underground hip hop']",28ExwzUQsvgJooOI0X1mr3,"{'href': None, 'total': 1296472}"
415,73,Tears For Fears,"['new romantic', 'new wave', 'new wave pop', 'permanent wave', 'sophisti-pop', 'synthpop']",4bthk9UfsYUYdcFyqxmSUU,"{'href': None, 'total': 2506521}"
417,75,Bee Gees,"['disco', 'mellow gold', 'soft rock']",1LZEQNv7sE11VDY3SdxQeN,"{'href': None, 'total': 5965128}"
420,74,Pearl Jam,"['alternative rock', 'grunge', 'permanent wave', 'rock']",1w5Kfo2jwwIPruYS2UWh56,"{'href': None, 'total': 7690848}"
421,69,Leslie Odom Jr.,"['broadway', 'hollywood', 'show tunes', 'vocal jazz']",3cR4rhS2hBWqI7rJEBacvN,"{'href': None, 'total': 212897}"
423,71,Rage Against The Machine,"['alternative metal', 'alternative rock', 'conscious hip hop', 'funk metal', 'nu metal', 'political hip hop', 'rap metal', 'rap rock', 'rock']",2d0hyoQ5ynDBnkvAbJKORj,"{'href': None, 'total': 5041700}"
426,73,keshi,"['chill r&b', 'pop']",3pc0bOVB5whxmD50W79wwO,"{'href': None, 'total': 1829790}"
427,80,Camilo,"['colombian pop', 'latin pop', 'reggaeton colombiano']",28gNT5KBp7IjEOQoevXf9N,"{'href': None, 'total': 16158514}"
428,80,Alan Walker,['electro house'],7vk5e3vY1uw9plTHJAMwjN,"{'href': None, 'total': 34738806}"
432,70,Missy Elliott,"['dance pop', 'hip hop', 'hip pop', 'pop', 'pop rap', 'r&b', 'rap', 'urban contemporary', 'virginia hip hop']",2wIVse2owClT7go1WT98tk,"{'href': None, 'total': 2033160}"
434,70,Cuco,"['bedroom pop', 'dream pop']",2Tglaf8nvDzwSQnpSrjLHP,"{'href': None, 'total': 1808954}"
439,67,Kidz Bop Kids,"[""children's music""]",1Vvvx45Apu6dQqwuZQxtgW,"{'href': None, 'total': 853914}"
440,81,Sebastian Yatra,"['colombian pop', 'latin', 'reggaeton colombiano']",07YUOmWljBTXwIseAUd9TW,"{'href': None, 'total': 19773944}"
442,68,Still Woozy,"['bedroom pop', 'modern rock', 'oakland indie']",4iMO20EPodreIaEl8qW66y,"{'href': None, 'total': 847235}"
443,76,Marc Anthony,"['latin', 'latin pop', 'modern salsa', 'salsa', 'tropical']",4wLXwxDeWQ8mtUIRPxGiD6,"{'href': None, 'total': 7737919}"
444,68,Seether,"['alternative metal', 'modern rock', 'nu metal', 'post-grunge', 'south african rock']",6B5c4sch27tWHAGdarpPaW,"{'href': None, 'total': 2945963}"
445,69,Stephanie Beatriz,[],5PYToRCsrnvikZg3yl2JMr,"{'href': None, 'total': 37045}"
446,71,Gryffin,"['dance pop', 'edm', 'pop', 'pop dance', 'tropical house']",2ZRQcIgzPCVaT9XKhXZIzh,"{'href': None, 'total': 842689}"
448,70,Lil Mosey,"['melodic rap', 'rap', 'rap conscient', 'trap', 'vapor trap', 'viral rap']",5zctI4wO9XSKS8XwcnqEHk,"{'href': None, 'total': 4744508}"
449,69,Thundercat,['afrofuturism'],4frXpPxQQZwbCu3eTGnZEw,"{'href': None, 'total': 953252}"
451,66,Brett Young,"['contemporary country', 'country']",0fiWOxhsBsQQvFDtxUQWo0,"{'href': None, 'total': 924278}"
452,67,Rico Nasty,"['alternative r&b', 'dance pop', 'dmv rap', 'escape room', 'pop', 'trap queen']",2OaHYHb2XcFPvqL3VsyPzU,"{'href': None, 'total': 943179}"
453,75,Ruth B.,"['alt z', 'canadian contemporary r&b', 'canadian pop', 'pop']",2WzaAvm2bBCf4pEhyuDgCY,"{'href': None, 'total': 2127480}"
455,71,1nonly,['aesthetic rap'],3ZHU5AKrUmIPnCFfr82QER,"{'href': None, 'total': 609168}"
456,66,Little Big Town,"['contemporary country', 'country', 'country dawn', 'country road']",3CygdxquGHurS7f9LjNLkv,"{'href': None, 'total': 2519406}"
457,65,Whiskey Myers,"['modern southern rock', 'texas country']",26opZSJcXshCmCwxgZQmBc,"{'href': None, 'total': 567241}"
458,76,Enrique Iglesias,"['dance pop', 'latin', 'latin pop', 'mexican pop', 'pop']",7qG3b048QCHVRO5Pv1T5lw,"{'href': None, 'total': 10891033}"
459,75,Sofia Carson,"['pop', 'post-teen pop']",7bp2lSdh12wcA8LyB1srfJ,"{'href': None, 'total': 3150726}"
465,71,Lauren Spencer Smith,"['alt z', 'gen z singer-songwriter', 'pop', 'uk pop']",79AyR6ATpj2LTPxfb6FX50,"{'href': None, 'total': 783129}"
466,73,Michael Bublé,"['adult standards', 'canadian pop', 'jazz pop', 'lounge']",1GxkXlMwML1oSg5eLPiAz3,"{'href': None, 'total': 5417187}"
467,70,Electric Light Orchestra,"['album rock', 'art rock', 'beatlesque', 'classic rock', 'glam rock', 'mellow gold', 'rock', 'soft rock', 'symphonic rock']",7jefIIksOi1EazgRTfW2Pk,"{'href': None, 'total': 3424779}"
468,75,Darell,"['latin', 'latin hip hop', 'reggaeton', 'reggaeton flow', 'trap latino']",1TtXnWcUs0FCkaZDPGYHdf,"{'href': None, 'total': 3115488}"
469,70,Toby Fox,"['dream smp', 'indie game soundtrack', 'undertale']",57DlMWmbVIf2ssJ8QBpBau,"{'href': None, 'total': 823302}"
470,72,Black Sabbath,"['album rock', 'birmingham metal', 'classic rock', 'hard rock', 'metal', 'rock', 'stoner rock', 'uk doom metal']",5M52tdBnJaKSvOpJGz8mfZ,"{'href': None, 'total': 6428286}"
472,68,Cochise,"['plugg', 'pluggnb', 'viral rap']",46HzS7yz0c9udVwtbHk1sx,"{'href': None, 'total': 421382}"
474,72,Limp Bizkit,"['alternative metal', 'funk metal', 'nu metal', 'rap metal']",165ZgPlLkK7bf5bDoFc6Sb,"{'href': None, 'total': 4951112}"
475,77,Jung Kook,[],6HaGTQPmzraVmaVxvz6EUc,"{'href': None, 'total': 3661095}"
476,73,Wolfgang Amadeus Mozart,"['classical', 'classical era']",4NJhFmfw43RLBLjQvxDuRS,"{'href': None, 'total': 4681535}"
479,67,City Girls,"['dance pop', 'pop', 'pop rap', 'r&b', 'scam rap', 'trap queen']",37hAfseJWi0G3Scife12Il,"{'href': None, 'total': 2052112}"
480,75,ENHYPEN,"['anime', 'k-pop boy group']",5t5FqBwTcgKTaWmfEbwQY9,"{'href': None, 'total': 4229517}"
481,74,Mark Ronson,"['dance pop', 'pop', 'uk pop']",3hv9jJF3adDNsBSIQDqcjp,"{'href': None, 'total': 976439}"
485,78,Calum Scott,"['neo mellow', 'pop', 'uk pop']",6ydoSd3N2mwgwBHtF6K7eX,"{'href': None, 'total': 4450028}"
486,72,Jeremy Zucker,"['electropop', 'pop']",3gIRvgZssIb9aiirIg0nI3,"{'href': None, 'total': 2012664}"
487,67,Bob Seger,"['album rock', 'classic rock', 'country rock', 'detroit rock', 'folk rock', 'hard rock', 'heartland rock', 'mellow gold', 'rock', 'soft rock']",485uL27bPomh29R4JmQehQ,"{'href': None, 'total': 1801972}"
488,72,will.i.am,"['dance pop', 'pop', 'pop rap']",085pc2PYOi8bGKj0PNjekA,"{'href': None, 'total': 3868669}"
496,67,ZillaKami,"['dark trap', 'underground hip hop']",4G1zP5i0r57g1c1CxrPhfM,"{'href': None, 'total': 341531}"
506,72,"Earth, Wind & Fire","['disco', 'funk', 'jazz funk', 'quiet storm', 'soul']",4QQgXkCYTt3BlENzhyNETg,"{'href': None, 'total': 3572313}"
517,77,Little Mix,"['dance pop', 'girl group', 'pop', 'post-teen pop', 'talent show', 'uk pop']",3e7awlrlDSwF3iM0WBjGMp,"{'href': None, 'total': 10658299}"
521,70,Los Gemelos De Sinaloa,"['corrido', 'corridos tumbados', 'musica mexicana', 'nueva musica mexicana']",1Zkxm1dM3HI3QkTmxUEVQA,"{'href': None, 'total': 178024}"
522,71,Papa Roach,"['alternative metal', 'nu metal', 'rap metal', 'rap rock']",4RddZ3iHvSpGV4dvATac9X,"{'href': None, 'total': 4550045}"
523,67,Steely Dan,"['album rock', 'art rock', 'classic rock', 'country rock', 'folk rock', 'mellow gold', 'psychedelic rock', 'rock', 'soft rock', 'yacht rock']",6P7H3ai06vU1sGvdpBwDmE,"{'href': None, 'total': 1770699}"
524,65,Larry June,"['cali rap', 'rap', 'southern hip hop']",1grN0519h2zYqpRtYbDZAl,"{'href': None, 'total': 193504}"
525,69,TOOL,"['alternative metal', 'alternative rock', 'art rock', 'nu metal', 'progressive metal', 'progressive rock', 'rock']",2yEwvVSSSUkcLeSTNyHKh8,"{'href': None, 'total': 2789753}"
532,71,Method Man,"['east coast hip hop', 'gangster rap', 'hardcore hip hop', 'hip hop', 'rap', 'southern hip hop']",4VmEWwd8y9MCLwexFMdpwt,"{'href': None, 'total': 1738992}"
534,74,Phil Collins,"['mellow gold', 'rock drums', 'soft rock']",4lxfqrEsLX6N1N4OCSkILp,"{'href': None, 'total': 4695158}"
535,80,Justin Quiles,"['latin', 'reggaeton', 'trap latino']",14zUHaJZo1mnYtn6IBRaRP,"{'href': None, 'total': 3677786}"
536,72,Los Dos Carnales,"['corrido', 'musica mexicana', 'norteno', 'nueva musica mexicana']",25UNJbwGZSQKvz5cPLWlv3,"{'href': None, 'total': 2117986}"
544,74,Nelly Furtado,"['canadian latin', 'canadian pop', 'dance pop', 'pop', 'pop rap']",2jw70GZXlAI8QzWeY2bgRc,"{'href': None, 'total': 3262966}"
548,68,Vince Staples,"['conscious hip hop', 'hip hop', 'rap', 'underground hip hop']",68kEuyFKyqrdQQLLsmiatm,"{'href': None, 'total': 1644560}"
550,66,Smino,"['hip hop', 'rap', 'underground hip hop']",1ybINI1qPiFbwDXamRtwxD,"{'href': None, 'total': 664658}"
551,81,Anitta,"['funk carioca', 'funk pop', 'pagode baiano', 'pop nacional']",7FNnA9vBm6EKceENgCGRMb,"{'href': None, 'total': 12046555}"
552,69,Selena,"['latin', 'latin pop', 'mexican pop', 'tejano']",6IE6z7DcZIT4Ml3Fh5Ivch,"{'href': None, 'total': 2899091}"
553,67,Motionless In White,"['alternative metal', 'metalcore']",6MwPCCR936cYfM1dLsGVnl,"{'href': None, 'total': 1111050}"
555,66,Brad Paisley,"['contemporary country', 'country', 'country road']",13YmWQJFwgZrd4bf5IjMY4,"{'href': None, 'total': 2373544}"
557,68,Greta Van Fleet,"['modern blues rock', 'modern hard rock', 'rock']",4NpFxQe2UvRCAjto3JqlSl,"{'href': None, 'total': 2056597}"
558,64,Justin Moore,"['arkansas country', 'contemporary country', 'country', 'country road', 'modern country rock']",30e8DmahrEamvLbFRPdWmk,"{'href': None, 'total': 1584624}"
562,85,Quevedo,"['rap canario', 'trap latino']",52iwsT98xCoGgiGntTiR7K,"{'href': None, 'total': 426940}"
563,69,3 Doors Down,"['alternative metal', 'nu metal', 'pop rock', 'post-grunge']",2RTUTCvo6onsAnheUk3aL9,"{'href': None, 'total': 3811200}"
565,69,Khruangbin,['neo-psychedelic'],2mVVjNmdjXZZDvhgQWiakk,"{'href': None, 'total': 1249189}"
566,69,Cafuné,['brooklyn indie'],581C5Qwl87TskfBEzuoisu,"{'href': None, 'total': 97203}"
567,71,Kato,['anime lo-fi'],3yTNaLgtCufxUYDsWa5MpA,"{'href': None, 'total': 99794}"
568,67,Lady A,"['contemporary country', 'country', 'country dawn', 'country pop', 'country road']",32WkQRZEVKSzVAAYqukAEA,"{'href': None, 'total': 3600681}"
569,65,Stick Figure,['reggae fusion'],5SXEylV07TC57eanSxxg4R,"{'href': None, 'total': 479309}"
570,65,Colter Wall,"['canadian americana', 'canadian contemporary country', 'outlaw country', 'saskatchewan indie']",3xYXYzm9H3RzyQgBrYwIcx,"{'href': None, 'total': 720738}"
571,75,Muse,"['modern rock', 'permanent wave', 'rock']",12Chz98pHFMPJEknJQMWvI,"{'href': None, 'total': 7145207}"
572,70,Ms. Lauryn Hill,"['alternative r&b', 'conscious hip hop', 'neo soul', 'new jersey rap', 'r&b', 'urban contemporary']",2Mu5NfyYm8n5iTomuKAEHl,"{'href': None, 'total': 2228762}"
577,66,COIN,"['indie pop', 'modern rock', 'pop', 'pop rock']",0ZxZlO7oWCSYMXhehpyMvE,"{'href': None, 'total': 552180}"
578,66,Steve Miller Band,"['album rock', 'blues rock', 'classic rock', 'country rock', 'folk rock', 'hard rock', 'heartland rock', 'mellow gold', 'psychedelic rock', 'rock', 'soft rock']",6QtGlUje9TIkLrgPZrESuk,"{'href': None, 'total': 2490800}"
579,71,6ix9ine,"['emo rap', 'rap', 'trap']",7gZfnEnfiaHzxARJ2LeXrf,"{'href': None, 'total': 6766102}"
586,69,Night Lovell,"['aesthetic rap', 'canadian hip hop', 'canadian trap', 'dark trap', 'ottawa rap', 'underground hip hop']",2y246nnP9pQT0E6v3ZMMOO,"{'href': None, 'total': 1214420}"
587,64,Tyler Hubbard,[],3BEV5FcxOtkQJ7lLRKMh3V,"{'href': None, 'total': 19928}"
588,65,Hotboii,"['florida rap', 'pop rap', 'trap']",220xv2aB3dsGxaJI1gGs7l,"{'href': None, 'total': 303023}"
590,74,Dean Lewis,"['australian pop', 'pop', 'uk pop']",3QSQFmccmX81fWCUSPTS7y,"{'href': None, 'total': 2139035}"
591,74,Galantis,"['dance pop', 'edm', 'electro house', 'pop', 'pop dance', 'tropical house']",4sTQVOfp9vEMCemLw50sbu,"{'href': None, 'total': 3265303}"
592,65,Tom MacDonald,"['bc underground hip hop', 'country rap', 'maga rap']",6DvlemMOlMH6VD9tB7BPRf,"{'href': None, 'total': 1029143}"
593,76,Zara Larsson,"['dance pop', 'edm', 'electropop', 'pop', 'pop dance', 'post-teen pop', 'scandipop', 'swedish electropop', 'swedish pop', 'tropical house', 'uk pop']",1Xylc3o4UrD53lo9CvFvVg,"{'href': None, 'total': 10363897}"
594,70,Santana,"['blues rock', 'classic rock', 'mexican classic rock']",6GI52t8N5F02MxU0g5U69P,"{'href': None, 'total': 2716409}"
595,68,Cults,"['experimental pop', 'indie surf']",3Oim8XBPbznAa8Jj8QzNc8,"{'href': None, 'total': 426871}"
596,66,John Mellencamp,"['album rock', 'classic rock', 'country rock', 'folk rock', 'heartland rock', 'mellow gold', 'pop rock', 'rock', 'singer-songwriter', 'soft rock']",3lPQ2Fk5JOwGWAF3ORFCqH,"{'href': None, 'total': 1378785}"
597,70,SAINt JHN,"['melodic rap', 'pop rap', 'rap', 'slap house', 'trap']",0H39MdGGX6dbnnQPt6NQkZ,"{'href': None, 'total': 894167}"
598,66,Elle King,['modern blues rock'],3bhu7P5PfngueRHiB9hjcx,"{'href': None, 'total': 500815}"
599,66,The All-American Rejects,"['modern rock', 'pop punk', 'pop rock', 'rock']",3vAaWhdBR38Q02ohXqaNHT,"{'href': None, 'total': 2365112}"
600,72,Fireboy DML,['afro dancehall'],75VKfyoBlkmrJFDqo1o2VY,"{'href': None, 'total': 927996}"
601,69,Grupo Recluta,"['corrido', 'musica mexicana', 'nueva musica mexicana']",2Dlvgi70UoJJicfKgoW5Vo,"{'href': None, 'total': 436035}"
602,68,Louis Armstrong,"['adult standards', 'dixieland', 'harlem renaissance', 'jazz trumpet', 'new orleans jazz', 'swing', 'vocal jazz']",19eLuQmk9aCobbVDHc6eek,"{'href': None, 'total': 2548703}"
603,65,Estelle,"['neo soul', 'r&b']",5T0MSzX9RC5NA6gAI6irSn,"{'href': None, 'total': 243503}"
604,75,Tom Odell,"['chill pop', 'pop']",2txHhyCwHjUEpJjWrEyqyX,"{'href': None, 'total': 2343029}"
605,64,Eazy-E,"['g funk', 'gangster rap', 'hardcore hip hop', 'hip hop', 'rap', 'west coast rap']",7B4hKK0S9QYnaoqa9OuwgX,"{'href': None, 'total': 4208100}"
606,64,Fousheé,['indie r&b'],6trIghKwHRUyxwvm66HLHH,"{'href': None, 'total': 154361}"
607,69,Casper Magico,['trap latino'],1fux65HMCBvfJHqlBc4Nno,"{'href': None, 'total': 1909588}"
608,67,Bullet For My Valentine,"['alternative metal', 'melodic metalcore', 'metalcore', 'nu metal', 'rap rock', 'uk metalcore', 'welsh metal']",7iWiAD5LLKyiox2grgfmUT,"{'href': None, 'total': 2673589}"
609,71,Jorja Smith,"['pop', 'r&b', 'uk contemporary r&b', 'uk pop']",1CoZyIx7UvdxT5c8UkMzHd,"{'href': None, 'total': 2864431}"
610,64,REO Speedwagon,"['album rock', 'classic rock', 'folk rock', 'hard rock', 'heartland rock', 'mellow gold', 'rock', 'soft rock']",55vs7NT1KxcFjbMC4y202E,"{'href': None, 'total': 2035794}"
611,66,Declan McKenna,"['indie pop', 'modern alternative rock', 'modern rock', 'rock']",2D4FOOOtWycb3Aw9nY5n3c,"{'href': None, 'total': 851903}"
612,65,Our Last Night,"['metalcore', 'modern rock', 'screamo']",00YTqRClk82aMchQQpYMd5,"{'href': None, 'total': 959461}"
613,72,Rvssian,"['latin', 'latin hip hop', 'reggaeton', 'reggaeton flow', 'trap latino']",1fctva4kpRbg2k3v7kwRuS,"{'href': None, 'total': 1948651}"
614,67,Zac Efron,"['hollywood', 'pop', 'post-teen pop', 'show tunes']",6U1dBXJhC8gXFjamvFTmHg,"{'href': None, 'total': 750611}"
615,67,Phantogram,"['indietronica', 'metropopolis', 'modern rock']",1l9d7B8W0IHy3LqWsxP2SH,"{'href': None, 'total': 719004}"
616,68,Skylar Grey,"['piano rock', 'viral pop']",4utLUGcTvOJFr6aqIJtYWV,"{'href': None, 'total': 537258}"
617,69,Jowell & Randy,"['latin', 'latin hip hop', 'reggaeton', 'reggaeton flow', 'trap latino']",4IMAo2UQchVFyPH24PAjUs,"{'href': None, 'total': 3641093}"
618,61,MercyMe,"['ccm', 'christian alternative rock', 'christian indie', 'christian music', 'worship']",6APm8EjxOHSYM5B4i3vT3q,"{'href': None, 'total': 1492765}"
619,63,Poison,"['album rock', 'glam metal', 'hard rock', 'rock']",1fBCIkoPOPCDLUxGuWNvyo,"{'href': None, 'total': 2774321}"
620,68,FKJ,"['filter house', 'indie soul']",2FwDTncULUnmANIh7qKa5z,"{'href': None, 'total': 1187967}"
621,68,Blondie,"['candy pop', 'new wave', 'new wave pop', 'permanent wave', 'power pop', 'rock']",4tpUmLEVLCGFr93o8hFFIB,"{'href': None, 'total': 1149441}"
622,65,Mase,"['gangster rap', 'hardcore hip hop', 'harlem hip hop', 'hip hop', 'hip pop', 'pop rap', 'rap', 'southern hip hop', 'urban contemporary']",1wiBLzTI7z9RUwEpNPdFT6,"{'href': None, 'total': 672641}"
623,64,Kristen Bell,"['disney', 'hollywood']",2kHxkdiKCSnHMkhIgFBZaI,"{'href': None, 'total': 77350}"
624,66,K.Flay,"['electropop', 'escape room', 'hip pop', 'modern rock', 'pop', 'rock']",0pCNk4D3E2xtszsm6hMsWr,"{'href': None, 'total': 497842}"
625,67,Kid Ink,"['dance pop', 'hip hop', 'pop rap', 'rap', 'southern hip hop', 'trap']",6KZDXtSj0SzGOV705nNeh3,"{'href': None, 'total': 2881246}"
626,67,Joe Hisaishi,"['anime', 'anime score', 'ghibli', 'japanese classical', 'japanese soundtrack', 'orchestral soundtrack']",7nzSoJISlVJsn7O0yTeMOB,"{'href': None, 'total': 761255}"
627,72,Natalia Lafourcade,"['latin alternative', 'latin pop', 'mexican pop', 'rock en espanol', 'veracruz indie']",1hcdI2N1023RvSwLzTtdsp,"{'href': None, 'total': 3479392}"
628,69,MØ,"['dance pop', 'danish pop', 'electropop', 'pop', 'tropical house', 'uk pop']",0bdfiayQAKewqEvaU6rXCv,"{'href': None, 'total': 1390809}"
629,63,The Used,"['post-hardcore', 'rock', 'screamo']",55VydwMyCuGcavwPuhutPL,"{'href': None, 'total': 1028299}"
630,66,NOTD,"['dance pop', 'edm', 'electro house', 'electropop', 'pop', 'pop dance', 'pop edm', 'tropical house', 'uk pop']",5jAMCwdNHWr7JThxtMuEyy,"{'href': None, 'total': 241678}"
631,67,Audioslave,"['alternative metal', 'alternative rock', 'nu metal', 'permanent wave', 'post-grunge', 'rock', 'supergroup']",2ziB7fzrXBoh1HUPS6sVFn,"{'href': None, 'total': 3853407}"
632,66,American Authors,"['modern rock', 'pop rock', 'rock']",0MlOPi3zIDMVrfA9R04Fe3,"{'href': None, 'total': 1383366}"
633,70,Lukas Graham,"['danish pop', 'pop', 'scandipop']",25u4wHJWxCA9vO0CzxAbK7,"{'href': None, 'total': 1962900}"
634,63,Marc E. Bassy,"['pop', 'pop rap', 'r&b']",3tQx1LPXbsYjE9VwN1Peaa,"{'href': None, 'total': 399823}"
635,71,Jaymes Young,"['modern rock', 'pop']",6QrQ7OrISRYIfS5mtacaw2,"{'href': None, 'total': 825995}"
636,64,STARSET,"['future rock', 'modern rock']",0kD8IT1CzF7js2XKM9lLLa,"{'href': None, 'total': 815750}"
637,70,Dido,"['dance pop', 'pop rock']",2mpeljBig2IXLXRAFO9AAs,"{'href': None, 'total': 1431977}"
638,61,Shane & Shane,"['ccm', 'christian alternative rock', 'christian music', 'world worship', 'worship']",2LFbgsbEhfilNpQYW7mied,"{'href': None, 'total': 332691}"
639,64,Lil' Kim,"['dance pop', 'east coast hip hop', 'gangster rap', 'hip hop', 'hip pop', 'pop rap', 'r&b', 'rap', 'southern hip hop', 'trap queen', 'urban contemporary']",5tth2a3v0sWwV1C7bApBdX,"{'href': None, 'total': 1447491}"
640,64,Muni Long,"['indie r&b', 'pop', 'pop r&b', 'pop rap', 'r&b']",7tjVFCxJdwT4NdrTmjyjQ6,"{'href': None, 'total': 164725}"
641,65,HAIM,"['art pop', 'dance pop', 'indie pop', 'metropopolis', 'uk pop']",4Ui2kfOqGujY81UcPrb5KE,"{'href': None, 'total': 1209458}"
642,69,Patrick Watson,[],7bPs6jf983f0bjRAt1yxDM,"{'href': None, 'total': 486331}"
643,67,Los Invasores De Nuevo León,"['musica mexicana', 'norteno']",5CGtBYmVPeLhI1kM2Fn9Gv,"{'href': None, 'total': 1445195}"
644,61,Zeds Dead,"['brostep', 'canadian electronic', 'dubstep', 'edm', 'electro house', 'electronic trap', 'progressive electro house']",67qogtRNI0GjUr8PlaG6Zh,"{'href': None, 'total': 537004}"
645,60,Chris Janson,"['contemporary country', 'country', 'country road', 'modern country rock']",60gmlHZmT16wiO9GiXKYK9,"{'href': None, 'total': 283369}"
646,67,Alanis Morissette,"['canadian pop', 'canadian singer-songwriter', 'pop rock', 'singer-songwriter']",6ogn9necmbUdCppmNnGOdi,"{'href': None, 'total': 2310458}"
647,67,Duran Duran,"['dance rock', 'new romantic', 'new wave', 'new wave pop', 'rock', 'synthpop']",0lZoBs4Pzo7R89JM9lxwoT,"{'href': None, 'total': 2381285}"
648,64,Rain Sounds,"['environmental', 'sleep']",5nSGBmlgUdqWNExnOX8VtV,"{'href': None, 'total': 58388}"
649,68,Victor Cibrian,"['corrido', 'corridos tumbados', 'musica mexicana', 'nueva musica mexicana']",1iXdpCz3AeLEAvzqeNodt8,"{'href': None, 'total': 57215}"
650,64,Lecrae,"['ccm', 'christian hip hop', 'christian music', 'worship']",1CFCsEqKrCyvAFKOATQHiW,"{'href': None, 'total': 1058282}"
651,67,Big Time Rush,"['boy band', 'dance pop', 'pop', 'post-teen pop']",0GWCNkPi54upO9WLlwjAHd,"{'href': None, 'total': 2546517}"
652,74,Mambo Kingz,['reggaeton flow'],2T1aUibqR2QC2sINIDQOAK,"{'href': None, 'total': 192713}"
653,64,Riovaz,[],1bhZt10yZVCJfp3HaNxJv8,"{'href': None, 'total': 87582}"
654,63,NEEDTOBREATHE,"['ccm', 'christian alternative rock', 'christian indie', 'christian music', 'folk-pop', 'indiecoustica', 'neo mellow', 'worship']",610EjgFatGvVPtib97jQ8G,"{'href': None, 'total': 751873}"
655,63,BIG30,"['memphis hip hop', 'southern hip hop', 'trap']",4nZmMrwH6LxHnCzQv4IFUE,"{'href': None, 'total': 327313}"
656,71,Cheat Codes,"['dance pop', 'edm', 'electro house', 'electropop', 'pop', 'pop dance', 'tropical house', 'uk pop']",7DMveApC7UnC2NPfPvlHSU,"{'href': None, 'total': 2085466}"
657,69,The Living Tombstone,['fnaf'],0I6yADrmeyvw66g7yjkqIF,"{'href': None, 'total': 1973019}"
658,66,Lupe Fiasco,"['alternative hip hop', 'chicago rap', 'conscious hip hop', 'hip hop', 'political hip hop', 'pop rap', 'rap', 'southern hip hop']",01QTIT5P1pFP3QnnFSdsJf,"{'href': None, 'total': 1778083}"
659,67,Ghostface Killah,"['alternative hip hop', 'east coast hip hop', 'gangster rap', 'hardcore hip hop', 'hip hop', 'rap', 'southern hip hop']",6FD0unjzGQhX3b6eMccMJe,"{'href': None, 'total': 736058}"
660,66,Young the Giant,"['modern alternative rock', 'modern rock', 'pop rock', 'rock']",4j56EQDQu5XnL7R3E9iFJT,"{'href': None, 'total': 1427414}"
661,66,Neon Trees,"['modern alternative rock', 'modern rock', 'pop rock', 'post-teen pop', 'rock']",0RpddSzUHfncUWNJXKOsjy,"{'href': None, 'total': 1177352}"
662,64,Ramirez,"['dark trap', 'phonk', 'underground hip hop']",3H6CaRooDAoCeRCpYwOXj2,"{'href': None, 'total': 248212}"
663,74,Kordhell,['drift phonk'],2W6WP4pHQTFlbr2z9S4n54,"{'href': None, 'total': 116283}"
664,67,Encanto - Cast,[],3xLU748QxpTmIVaiNXXg0P,"{'href': None, 'total': 84934}"
665,65,Young Stoner Life,"['hip hop', 'rap', 'southern hip hop', 'trap']",1xr2G8Hlx4QWmT9HaUbmoO,"{'href': None, 'total': 89882}"
666,72,The Script,"['celtic rock', 'dance pop', 'neo mellow', 'pop', 'pop rock', 'uk pop']",3AQRLZ9PuTAozP28Skbq8V,"{'href': None, 'total': 7439840}"
667,73,Marco Antonio Solís,"['grupera', 'latin', 'latin pop', 'musica mexicana', 'ranchera', 'tropical']",3tJnB0s6c3oXPq1SCCavnd,"{'href': None, 'total': 5444706}"
668,66,Jimmy Eat World,"['alternative rock', 'emo', 'modern power pop', 'modern rock', 'pop punk', 'pop rock', 'rock']",3Ayl7mCk0nScecqOzvNp6s,"{'href': None, 'total': 1326688}"
669,63,The Head And The Heart,"['folk-pop', 'indie folk', 'pop rock', 'seattle indie', 'stomp and holler']",0n94vC3S9c3mb2HyNAOcjg,"{'href': None, 'total': 999695}"
670,63,Midland,"['neo-traditional country', 'texas country']",1DTZRmlVZBxx2wRQBtx6yi,"{'href': None, 'total': 228121}"
671,64,OHGEESY,['cali rap'],3ppQEG71r7jVpI8RudzycF,"{'href': None, 'total': 156826}"
672,69,Empire of the Sun,"['alternative dance', 'australian dance', 'australian electropop', 'dance rock', 'electropop', 'indietronica', 'neo-synthpop']",67hb7towEyKvt5Z8Bx306c,"{'href': None, 'total': 1204533}"
673,69,Nessa Barrett,"['alt z', 'electropop', 'pop', 'social media pop']",7pwufEBGfggjoI8twqlsmQ,"{'href': None, 'total': 834400}"
674,66,Tori Kelly,['dance pop'],1vSN1fsvrzpbttOYGsliDr,"{'href': None, 'total': 2050956}"
675,70,Ludwig van Beethoven,"['classical', 'classical era', 'early romantic era', 'german romanticism']",2wOqMjp9TyABvtHdOSOTUS,"{'href': None, 'total': 4527329}"
676,64,Third Eye Blind,"['alternative rock', 'neo mellow', 'pop rock', 'post-grunge', 'rock']",6TcnmlCSxihzWOQJ8k0rNS,"{'href': None, 'total': 1348634}"
677,68,The Who,"['album rock', 'art rock', 'blues rock', 'british invasion', 'classic rock', 'hard rock', 'mellow gold', 'psychedelic rock', 'rock']",67ea9eGLXYMsO2eYQRui3w,"{'href': None, 'total': 4690670}"
678,68,MAX,"['dance pop', 'electropop', 'pop', 'post-teen pop', 'uk pop', 'viral pop']",1bqxdqvUtPWZri43cKHac8,"{'href': None, 'total': 761485}"
679,70,The Score,"['modern alternative rock', 'modern rock', 'rock']",2q3GG88dVwuQPF4FmySr9I,"{'href': None, 'total': 1144584}"
680,71,La Santa Grifa,"['mexican hip hop', 'tamaulipas rap']",1oH2B8tcHn4Gpl2bmmyd4A,"{'href': None, 'total': 2675890}"
681,70,Sufjan Stevens,"['baroque pop', 'chamber pop', 'singer-songwriter']",4MXUO7sVCaFgFjoTI5ox5c,"{'href': None, 'total': 1612792}"
682,71,Bronco,"['grupera', 'gruperas inmortales', 'musica mexicana', 'norteno', 'ranchera', 'tropical']",0VKh7CQDi9MkUvaBMoK1V0,"{'href': None, 'total': 2630303}"
683,65,Ice Nine Kills,"['alternative metal', 'metalcore', 'screamo']",52qKfVcIV4GS8A8Vay2xtt,"{'href': None, 'total': 596429}"
684,64,Josh Turner,"['contemporary country', 'country', 'country road', 'modern country rock']",7vCtweS8UVAXTyau2j0rDT,"{'href': None, 'total': 2402743}"
685,64,Kay Flock,"['bronx drill', 'new york drill']",2AMeiDbfU2vonrTkpXDKUu,"{'href': None, 'total': 261288}"
686,69,Sleeping At Last,"['ambient worship', 'chamber pop', 'pop']",0MeLMJJcouYXCymQSHPn8g,"{'href': None, 'total': 1271996}"
687,65,Duster,"['dream pop', 'slowcore']",5AyEXCtu3xnnsTGCo4RVZh,"{'href': None, 'total': 333186}"
688,70,Evanescence,['alternative metal'],5nGIFgo0shDenQYSE0Sn7c,"{'href': None, 'total': 3523686}"
689,62,Eli Young Band,"['contemporary country', 'country', 'country road', 'heartland rock', 'modern country rock', 'texas country']",6eKWqnckwdIlSnjaYgIyxv,"{'href': None, 'total': 749297}"
690,64,Benny The Butcher,"['boom bap', 'buffalo hip hop', 'hip hop', 'rap', 'southern hip hop', 'upstate ny rap']",5Matrg5du62bXwer29cU5T,"{'href': None, 'total': 263167}"
691,66,The Temptations,"['classic soul', 'funk', 'memphis soul', 'motown', 'soul']",3RwQ26hR2tJtA8F9p2n7jG,"{'href': None, 'total': 2486421}"
692,68,Ja Rule,"['dance pop', 'east coast hip hop', 'gangster rap', 'hip hop', 'pop rap', 'queens hip hop', 'rap', 'urban contemporary']",1J2VVASYAamtQ3Bt8wGgA6,"{'href': None, 'total': 1481525}"
693,62,Sturgill Simpson,"['alternative americana', 'kentucky roots', 'nashville singer-songwriter', 'new americana', 'outlaw country']",3vDpQbGnzRbRVirXlfQagB,"{'href': None, 'total': 645057}"
694,62,Kidd G,['contemporary country'],5edcHuf8pWH3I00WTorajM,"{'href': None, 'total': 168841}"
695,66,Jadakiss,"['battle rap', 'east coast hip hop']",5pnbUBPifNnlusY8kTBivi,"{'href': None, 'total': 960120}"
696,65,Los Inquietos Del Norte,"['latin hip hop', 'musica mexicana', 'norteno']",0pgvlX0BkfmeirXTDiNmya,"{'href': None, 'total': 1218770}"
697,76,Gera MX,"['mexican hip hop', 'rap conciencia']",2hejA1Dkf8v8R0koF44FvW,"{'href': None, 'total': 3463293}"
698,67,SLANDER,"['dubstep', 'edm', 'pop dance']",20DZAfCuP1TKZl5KcY7z3Q,"{'href': None, 'total': 368600}"
699,69,alt-J,['indie rock'],3XHO7cRUPCLOr6jwp8vsx5,"{'href': None, 'total': 3081446}"
707,63,BRELAND,"['black americana', 'contemporary country']",0C86lmpnwiyLDUiyo4d0P1,"{'href': None, 'total': 62394}"
708,72,Red Velvet,"['k-pop', 'k-pop girl group']",1z4g3DjTBBZKhvAroFlhOM,"{'href': None, 'total': 7410950}"
709,72,Sam Feldt,"['dance pop', 'edm', 'electro house', 'pop', 'pop dance', 'pop edm', 'tropical house', 'uk pop']",20gsENnposVs2I4rQ5kvrf,"{'href': None, 'total': 708011}"
710,65,Anthony Ramos,['show tunes'],660YptcR0hNHJ8iEr1qcse,"{'href': None, 'total': 144615}"
711,68,Foreigner,"['album rock', 'classic rock', 'hard rock', 'mellow gold', 'rock', 'soft rock']",6IRouO5mvvfcyxtPDKMYFN,"{'href': None, 'total': 2517697}"
712,61,South Park Mexican,"['chicano rap', 'dirty south rap', 'gangster rap', 'latin hip hop', 'texas latin rap']",4kKaAWGdu6WW0W415RWaQA,"{'href': None, 'total': 765218}"
713,63,Jimmie Allen,"['black americana', 'contemporary country']",147nKr9upHZSSxqCzh9j7c,"{'href': None, 'total': 192301}"
714,69,Daya,"['alt z', 'dance pop', 'edm', 'electropop', 'pop', 'pop dance', 'post-teen pop', 'tropical house', 'uk pop']",6Dd3NScHWwnW6obMFbl1BH,"{'href': None, 'total': 1415447}"
715,72,TOTO,"['album rock', 'classic rock', 'mellow gold', 'rock', 'soft rock', 'yacht rock']",0PFtn5NtBbbUNbU9EAmIWF,"{'href': None, 'total': 2364125}"
716,63,Colt Ford,"['contemporary country', 'country', 'country rap', 'country road', 'modern country rock', 'redneck']",0OpWIlokQeE7BNQMhuu2Nx,"{'href': None, 'total': 1012465}"
717,62,Babyface Ray,"['detroit trap', 'trap']",3zZ88AwlTwfCJkowsFCvLA,"{'href': None, 'total': 124544}"
718,65,Chris Tomlin,"['ccm', 'christian alternative rock', 'christian music', 'world worship', 'worship']",6pRi6EIPXz4QJEOEsBaA0m,"{'href': None, 'total': 1627727}"
719,65,Lloyd,"['dance pop', 'hip pop', 'pop', 'pop rap', 'r&b', 'southern hip hop', 'trap', 'urban contemporary']",1Xfmvd48oOhEWkscWyEbh9,"{'href': None, 'total': 1969938}"
720,65,Daveed Diggs,['alternative hip hop'],3twuAojvYNrlWZpMkxLm3P,"{'href': None, 'total': 72965}"
721,67,John Denver,"['classic country pop', 'folk', 'folk rock', 'mellow gold', 'soft rock']",7EK1bQADBoqbYXnT4Cqv9w,"{'href': None, 'total': 1630795}"
722,68,The Fray,"['neo mellow', 'piano rock', 'pop', 'pop rock']",0zOcE3mg9nS6l3yxt1Y0bK,"{'href': None, 'total': 3698977}"
723,64,YBN Nahmir,"['alabama rap', 'rap', 'trap', 'underground hip hop', 'vapor trap', 'viral rap']",3gGUMEwIX6XodWsYEvKSal,"{'href': None, 'total': 2896792}"
724,63,Warren Zeiders,[],7kplJl06UmldxLKseURAYi,"{'href': None, 'total': 290902}"
725,71,Why Don't We,"['australian pop', 'boy band', 'dance pop', 'pop', 'post-teen pop', 'uk pop']",2jnIB6XdLvnJUeNTy5A0J2,"{'href': None, 'total': 3298386}"
726,65,charlieonnafriday,['pop rap'],1hmTCch4tWOJmdqkf8nSRA,"{'href': None, 'total': 111416}"
727,62,Ian Munsick,"['contemporary country', 'wyoming roots']",7HjGPPtdNuHcK8crc7iNkn,"{'href': None, 'total': 95543}"
728,65,glaive,"['glitchcore', 'hyperpop', 'proto-hyperpop']",4cJKDGSv4Dz9QycXYmo565,"{'href': None, 'total': 193730}"
729,77,Becky Hill,"['dance pop', 'edm', 'pop', 'pop dance', 'pop house', 'tropical house', 'uk dance', 'uk pop']",4EPJlUEBy49EX1wuFOvtjK,"{'href': None, 'total': 525238}"
730,69,Kenny Loggins,"['album rock', 'mellow gold', 'new wave pop', 'soft rock', 'yacht rock']",3Y3xIwWyq5wnNHPp5gPjOW,"{'href': None, 'total': 881283}"
731,63,Insane Clown Posse,['viral rap'],4xtWjIlVuZwTCeqVAsgEXy,"{'href': None, 'total': 866729}"
732,65,Boston,"['album rock', 'classic rock', 'country rock', 'hard rock', 'mellow gold', 'rock', 'soft rock']",29kkCKKGXheHuoO829FxWK,"{'href': None, 'total': 2239769}"
733,75,Alfredo Olivas,"['banda', 'corrido', 'musica mexicana', 'nueva musica mexicana']",5xYNmNkaWRqu3e5F4UXME8,"{'href': None, 'total': 4641554}"
734,65,Jacquees,"['atl hip hop', 'pop', 'pop r&b', 'pop rap', 'r&b', 'rap', 'urban contemporary']",4tMm1dU6Gn04VAZ9ClHcIZ,"{'href': None, 'total': 2201617}"
735,66,Sheryl Crow,"['lilith', 'mellow gold', 'neo mellow', 'new wave pop', 'permanent wave', 'pop rock', 'rock']",4TKTii6gnOnUXQHyuo9JaD,"{'href': None, 'total': 935921}"
736,71,Olivia Newton-John,"['adult standards', 'australian dance', 'disco', 'mellow gold', 'new wave pop', 'soft rock']",4BoRxUdrcgbbq1rxJvvhg9,"{'href': None, 'total': 1200704}"
737,72,Rod Stewart,"['mellow gold', 'soft rock']",2y8Jo9CKhJvtfeKOsYzRdT,"{'href': None, 'total': 3712501}"
738,72,Intocable,"['latin', 'latin pop', 'musica mexicana', 'norteno', 'ranchera', 'tejano']",108moq3rq6bm1M4Ypz0J02,"{'href': None, 'total': 2839948}"
739,65,Dax,"['canadian hip hop', 'ottawa rap', 'pop rap']",5icKdCmMhNMYoAzVBAWt39,"{'href': None, 'total': 767568}"
740,68,Em Beihold,"['alt z', 'gen z singer-songwriter']",7o2ZQYM7nTsaVdkXY38UAA,"{'href': None, 'total': 250399}"
741,66,Stone Temple Pilots,"['alternative metal', 'alternative rock', 'grunge', 'hard rock', 'nu metal', 'pop rock', 'post-grunge', 'rock']",2UazAtjfzqBF0Nho2awK4z,"{'href': None, 'total': 2953358}"
742,69,Iggy Azalea,"['australian hip hop', 'dance pop', 'hip pop', 'pop', 'pop rap', 'post-teen pop', 'uk pop', 'viral rap']",5yG7ZAZafVaAlMTeBybKAL,"{'href': None, 'total': 6117351}"
743,72,Tones And I,"['australian pop', 'pop']",2NjfBq1NflQcKSeiDooVjY,"{'href': None, 'total': 2978353}"
744,71,Ali Gatie,"['canadian hip hop', 'pop']",4rTv3Ejc7hKMtmoBOK1B4T,"{'href': None, 'total': 1941075}"
745,64,Bone Thugs-N-Harmony,"['gangster rap', 'hip hop', 'ohio hip hop', 'pop rap', 'rap', 'southern hip hop']",5spEJXLwD1sKUdC2bnOHPg,"{'href': None, 'total': 2366247}"
746,69,Megadeth,"['album rock', 'alternative metal', 'hard rock', 'melodic thrash', 'metal', 'old school thrash', 'rock', 'speed metal', 'thrash metal']",1Yox196W7bzVNZI7RBaPnf,"{'href': None, 'total': 4191879}"
747,63,Randy Travis,"['country', 'country gospel', 'country road', 'country rock']",1pTuR132U5b4Rizal2Pr7m,"{'href': None, 'total': 1411074}"
748,65,Nine Inch Nails,"['alternative metal', 'alternative rock', 'cyberpunk', 'electronic rock', 'industrial', 'industrial metal', 'industrial rock', 'nu metal', 'rock']",0X380XXQSNBYuleKzav5UO,"{'href': None, 'total': 2138601}"
749,76,Imanbek,"['dance pop', 'edm', 'electro house', 'pop dance', 'slap house', 'tropical house']",5rGrDvrLOV2VV8SCFVGWlj,"{'href': None, 'total': 159298}"
